barcode,truth_fine,truth_coarse,pred_fine_with,pred_fine_without,pred_coarse_with,pred_coarse_without
CATCCACGTGACAAAT-8,CD14,Mono,CD14,CD14,Mono,Mono
GTATCTTAGTCATCCA-1,NK3,NK,NK2,NK2,NK,NK
CTGATAGCACGGCTAC-1,CD4 Naive,T,CD4 Naive,CD4 Naive,T,T
AGAATAGCAAGAGGCT-2,CD4 Tem,T,CD4 Tem,CD4 Tem,T,T
CACACAACACTTGGAT-5,CD8 Naive,T,CD4 Naive,CD4 Naive,T,T
CGTTCTGTCAGTTTGG-3,NK2,NK,NK2,NK2,NK,NK
GATTCAGCATAGTAAG-4,CD8 CTL,T,CD8 CTL,CD8 CTL,T,T
GTCGGGTCAGGCTCAC-7,CD8 Tem,T,CD8 Tex,CD8 Tex,T,T
GGGAATGAGTGTTAGA-3,Naive BC,B,Naive,Naive,B,B
GGCGTGTGTACCATCA-8,Memory BC,B,ABC,ABC,B,B
GCACATATCCTGCCAT-1,CD16,Mono,CD16,CD16,Mono,Mono
ACTGCTCCAAACCCAT-2,MEG,Other,CD16,CD16,Mono,Mono
GAACATCAGCTAAACA-7,cDC,DC,cDC2,cDC2,DC,DC
GTTACAGTCTGGTTCC-7,CD4 Tcm,T,CD4 Naive,CD4 Naive,T,T
CATGGCGAGAGAGCTC-1,CD4-CD8,T,CD4-CD8-,CD4-CD8-,T,T
TCTTCGGTCGGCTTGG-4,CD4+CD8,T,NK2,NK2,NK,NK
CTCTGGTTCCTCAACC-1,T-mito,T,T-mito,T-mito,T,T
GGCAATTGTAAATGAC-8,NK1,NK,NK1,NK1,NK,NK
AAGGAGCTCATGTCTT-5,ASC,B,ASC,CD4 Tem,B,T
ACGTCAAAGCTTCGCG-2,RBC,Other,T-mito,T-mito,T,T
ACTGCTCGTTCGTTGA-4,pDC,DC,pDC,pDC,DC,DC
GTCGGGTCATGCGCAC-4,CD14,Mono,CD14,CD14,Mono,Mono
GGATTACCAAGTCATC-1,NK3,NK,NK3,NK3,NK,NK
TACTTACCATAAAGGT-6,CD4 Naive,T,CD4 Naive,CD4 Naive,T,T
GTCATTTTCAACGGGA-4,CD4 Tem,T,CD4 Treg,CD4 Treg,T,T
ATGCGATTCTGTTGAG-5,CD8 Naive,T,CD8 Naive,CD8 Naive,T,T
CCACGGATCTGACCTC-4,NK2,NK,NK2,NK2,NK,NK
AAACCTGCAAACCCAT-8,CD8 CTL,T,CD8 CTL,CD8 CTL,T,T
CGAGCACGTCTAAAGA-2,CD8 Tem,T,CD8 Tex,CD8 Tex,T,T
CAGCAGCCACTGAAGG-8,Naive BC,B,Naive,Naive,B,B
TCTGAGACACAGGAGT-8,Memory BC,B,Memory,Memory,B,B
CTGAAACGTGAGGGTT-7,CD16,Mono,CD16,CD16,Mono,Mono
ACATCAGTCAAAGACA-3,MEG,Other,CD14,CD14,Mono,Mono
CTAATGGCATGGATGG-4,cDC,DC,cDC2,cDC2,DC,DC
GTGGGTCGTCCGCTGA-3,CD4 Tcm,T,CD4 Naive,CD4 Naive,T,T
GGTATTGGTGTCAATC-1,CD4-CD8,T,CD4-CD8-,CD4-CD8-,T,T
CGGAGCTGTATCAGTC-4,CD4+CD8,T,NK3,NK3,NK,NK
CTAGAGTCAGCTTCGG-6,T-mito,T,T-mito,T-mito,T,T
ACAGCCGTCGTGACAT-1,NK1,NK,NK1,NK1,NK,NK
CTGAAACCACCGATAT-4,ASC,B,ASC,ASC,B,B
GGCTGGTAGTGCCATT-2,RBC,Other,CD14,CD14,Mono,Mono
CTCGTACCAGTGACAG-2,pDC,DC,pDC,pDC,DC,DC
GCATACAAGGTAGCCA-5,CD14,Mono,CD14,CD14,Mono,Mono
TTGCGTCCAATGGACG-1,NK3,NK,NK3,NK3,NK,NK
AGCGTATAGGCTAGGT-7,CD4 Naive,T,CD4 Tem,CD4 Tem,T,T
ACGGAGAGTGCCTGGT-3,CD4 Tem,T,CD4 Tem,CD4 Tem,T,T
ATTACTCTCAGGTTCA-4,CD8 Naive,T,CD4 Naive,CD4 Naive,T,T
TATCTCATCTTTAGTC-8,NK2,NK,NK2,NK2,NK,NK
ATGAGGGGTGGGTATG-5,CD8 CTL,T,CD8 CTL,CD8 CTL,T,T
TTCTTAGGTCTAGCCG-1,CD8 Tem,T,CD4 Tex,CD4 Tex,T,T
TCGCGTTCAAATCCGT-2,Naive BC,B,Naive,Naive,B,B
GGAAAGCAGTGGTCCC-6,Memory BC,B,Naive,Naive,B,B
ATCCGAATCAAACAAG-7,CD16,Mono,CD16,CD16,Mono,Mono
CAAGATCTCTCTTGAT-1,MEG,Other,NK2,NK2,NK,NK
TTCGGTCGTTAAGATG-8,cDC,DC,cDC2,cDC2,DC,DC
ATGGGAGGTAGATTAG-5,CD4 Tcm,T,CD8 Naive,CD8 Naive,T,T
CCCAATCCACTCAGGC-2,CD4-CD8,T,CD4-CD8-,CD4-CD8-,T,T
ACTGAACGTCCTGCTT-2,CD4+CD8,T,CD4+CD8+,CD4+CD8+,T,T
CAGCATACAGATCGGA-6,T-mito,T,T-mito,T-mito,T,T
CACCTTGTCCGCAAGC-8,NK1,NK,NK1,NK1,NK,NK
TCAGGTACAGGAATGC-7,ASC,B,ASC,ASC,B,B
GTATCTTGTCCGAGTC-8,RBC,Other,CD14,CD14,Mono,Mono
ATGAGGGAGTGGACGT-5,pDC,DC,pDC,pDC,DC,DC
CTGATCCGTAACGACG-7,CD14,Mono,CD14,CD14,Mono,Mono
CAGCCGAGTGCGATAG-1,NK3,NK,NK3,NK3,NK,NK
CATGGCGGTTGATTGC-4,CD4 Naive,T,CD4 Naive,CD4 Naive,T,T
TTGGAACTCAACCATG-3,CD4 Tem,T,CD4 Naive,CD4 Naive,T,T
TACGGATTCAGGCCCA-4,CD8 Naive,T,CD4 Tem,CD4 Tem,T,T
CAAGAAAGTTCCAACA-4,NK2,NK,NK2,NK2,NK,NK
ACGGGCTGTGAAGGCT-4,CD8 CTL,T,CD8 CTL,CD8 CTL,T,T
TGCACCTGTCGGCACT-1,CD8 Tem,T,CD8 Tem,CD4+CD8+,T,T
GAGGTGATCGATGAGG-3,Naive BC,B,Naive,Naive,B,B
TCAGGATGTTGGAGGT-8,Memory BC,B,Memory,Memory,B,B
CAACCTCAGAGCAATT-8,CD16,Mono,CD16,CD16,Mono,Mono
AGAATAGGTGACTCAT-3,MEG,Other,NK2,CD8 CTL,NK,T
TGGTTCCTCGGCGCAT-8,cDC,DC,cDC2,cDC2,DC,DC
CTACACCAGCGTGAAC-5,CD4 Tcm,T,T-mito,T-mito,T,T
TCAGCAATCACATACG-2,CD4-CD8,T,CD4-CD8-,CD4-CD8-,T,T
CATCCACAGCGTTCCG-4,CD4+CD8,T,CD4+CD8+,CD4+CD8+,T,T
ACGCCGATCCGCTGTT-1,T-mito,T,T-mito,T-mito,T,T
CTTACCGGTATTACCG-8,NK1,NK,CD4-CD8-,CD4-CD8-,T,T
TTGAACGGTACTCTCC-7,ASC,B,ASC,ASC,B,B
TCACAAGTCCTGCAGG-2,RBC,Other,CD14,CD14,Mono,Mono
ACCGTAAGTGACTACT-7,pDC,DC,CD16,CD16,Mono,Mono
CAGGTGCAGACCTAGG-6,CD14,Mono,Intermed,Intermed,Other,Other
TCACAAGTCGCCAAAT-1,NK3,NK,NK2,NK2,NK,NK
AATCCAGTCCTTTCGG-6,CD4 Naive,T,CD4 Tcm,CD4 Tcm,T,T
GGTGCGTCAAGTAATG-2,CD4 Tem,T,CD4 Tem,CD4 Tem,T,T
CAGCCGAGTCACTTCC-2,CD8 Naive,T,CD4 Naive,CD4 Naive,T,T
GGATTACGTGGTACAG-4,NK2,NK,NK2,NK2,NK,NK
CTAACTTGTGAGCGAT-1,CD8 CTL,T,CD8 CTL,CD8 CTL,T,T
GTGAAGGGTCCAACTA-4,CD8 Tem,T,CD8 CTL,CD8 CTL,T,T
ACTTTCAAGTTCGCGC-3,Naive BC,B,Naive,Naive,B,B
TAGACCACATTGGGCC-6,Memory BC,B,Memory,Memory,B,B
CTCGTACAGCGATATA-8,CD16,Mono,CD16,CD16,Mono,Mono
CTGCGGACAGTCTTCC-4,MEG,Other,CD4 Naive,CD4 Naive,T,T
TCGGGACTCTTACCGC-1,cDC,DC,cDC2,cDC2,DC,DC
CTGCCTAGTCAGAAGC-4,CD4 Tcm,T,T-mito,T-mito,T,T
AAAGCAAAGATAGCAT-1,CD4-CD8,T,CD4-CD8-,CD4-CD8-,T,T
TCTTCGGCATGGGACA-5,CD4+CD8,T,NK2,NK2,NK,NK
GATCGTAGTGCGATAG-7,T-mito,T,T-mito,T-mito,T,T
CAACCAAGTGACTCAT-4,NK1,NK,NK2,NK2,NK,NK
TCATTTGGTCAAGCGA-3,ASC,B,ASC,ASC,B,B
CACATTTCAGTTTACG-8,RBC,Other,CD8 Tem,CD8 Tem,T,T
CCTTCCCTCTGAAAGA-7,pDC,DC,pDC,pDC,DC,DC
TACGGATGTTCAACCA-6,CD14,Mono,Intermed,Intermed,Other,Other
CTTCTCTAGTACGCGA-4,NK3,NK,NK2,NK2,NK,NK
CACATAGAGCTATGCT-1,CD4 Naive,T,CD4 Naive,CD4 Tcm,T,T
GCACATAGTGTAAGTA-2,CD4 Tem,T,CD4 Naive,CD4 Naive,T,T
CAGCATAGTAGGGACT-3,CD8 Naive,T,CD4 Naive,CD4 Naive,T,T
CCATTCGAGCAGACTG-1,NK2,NK,NK2,NK2,NK,NK
CTTAACTTCTGCAGTA-4,CD8 CTL,T,CD4 Tex,CD4 Tex,T,T
AAGACCTGTTTACTCT-2,CD8 Tem,T,CD8 Tex,CD8 Tex,T,T
GGAAAGCTCCGTAGGC-2,Naive BC,B,Naive,Naive,B,B
CGCTATCAGACAATAC-6,Memory BC,B,Memory,Memory,B,B
AGTGTCACACCAGCAC-1,CD16,Mono,CD16,CD16,Mono,Mono
ACCTTTAAGACACGAC-3,MEG,Other,CD8 CTL,CD8 CTL,T,T
AACGTTGGTCTCACCT-8,cDC,DC,cDC2,cDC2,DC,DC
TACTTACAGAGACTAT-3,CD4 Tcm,T,CD4 Treg,CD4 Treg,T,T
GGAATAATCGTATCAG-1,CD4-CD8,T,CD4-CD8-,CD4-CD8-,T,T
GTCAAGTTCGTCTGCT-1,CD4+CD8,T,NK2,NK2,NK,NK
GCAAACTTCACAGTAC-3,T-mito,T,T-mito,T-mito,T,T
CGAGCCAGTCAGGACA-1,NK1,NK,NK2,NK2,NK,NK
CGTTAGATCCCAACGG-4,ASC,B,ASC,ASC,B,B
CTGATCCTCTTCCTTC-1,RBC,Other,Naive,Naive,B,B
TACAGTGGTGAGTGAC-2,pDC,DC,pDC,pDC,DC,DC
TAAGTGCTCGCCTGAG-2,CD14,Mono,CD14,CD14,Mono,Mono
CATGCCTGTCTAGCGC-8,NK3,NK,NK2,NK2,NK,NK
ACCTTTAAGCGCCTCA-6,CD4 Naive,T,CD4 Tcm,CD4 Tcm,T,T
CGTAGCGTCCACGACG-6,CD4 Tem,T,CD4 Naive,CD4 Naive,T,T
TAGCCGGGTGTTAAGA-5,CD8 Naive,T,CD4 Naive,CD4 Naive,T,T
AAAGTAGGTACCGTTA-1,NK2,NK,NK2,NK2,NK,NK
ATCCACCTCGGAAATA-1,CD8 CTL,T,CD8 CTL,CD8 CTL,T,T
CCAGCGATCTCACATT-3,CD8 Tem,T,CD4 Tem,CD4 Tem,T,T
GCCAAATAGAGATGAG-7,Naive BC,B,Naive,Naive,B,B
TGGGAAGAGTATCGAA-3,Memory BC,B,Memory,Memory,B,B
CCACTACTCTCCAGGG-4,CD16,Mono,CD16,CD16,Mono,Mono
TAGGCATTCTGGTTCC-3,MEG,Other,CD14,CD14,Mono,Mono
GTGTTAGCATCGGAAG-8,cDC,DC,cDC2,cDC2,DC,DC
AAATGCCGTTCCGGCA-4,CD4 Tcm,T,T-mito,T-mito,T,T
CAGGTGCTCAGATAAG-3,CD4-CD8,T,CD4-CD8-,CD4-CD8-,T,T
ACGGCCACAATGGAGC-5,CD4+CD8,T,NK3,NK3,NK,NK
TTAACTCAGTAGTGCG-6,T-mito,T,T-mito,T-mito,T,T
CGTTGGGCATTGTGCA-4,NK1,NK,NK1,NK1,NK,NK
GAAATGATCGCCGTGA-6,ASC,B,ASC,ASC,B,B
CGCTATCCAGCGAACA-1,RBC,Other,CD4 Tcm,CD4 Tcm,T,T
GACGCGTGTATTCTCT-7,pDC,DC,pDC,pDC,DC,DC
TCGTACCGTGGAAAGA-4,CD14,Mono,CD14,CD14,Mono,Mono
CTCGTACCACCCATTC-5,NK3,NK,CD8 CTL,CD8 CTL,T,T
TGATTTCTCATTATCC-6,CD4 Naive,T,CD4 Naive,CD4 Tcm,T,T
ACACTGAGTTCATGGT-2,CD4 Tem,T,CD4 Treg,CD4 Treg,T,T
TCAATCTTCGTAGGTT-5,CD8 Naive,T,CD8 Naive,CD8 Naive,T,T
AGTCTTTAGGGCTCTC-1,NK2,NK,NK2,NK2,NK,NK
ATAACGCGTTCAGCGC-3,CD8 CTL,T,CD8 CTL,CD8 CTL,T,T
CCTAAAGGTTGGAGGT-3,CD8 Tem,T,CD8 Tex,CD8 Tex,T,T
CTTGGCTAGTGGACGT-5,Naive BC,B,Naive,Naive,B,B
CGTTAGATCGTCTGCT-1,Memory BC,B,Memory,Memory,B,B
TATCTCATCTCCCTGA-1,CD16,Mono,CD16,CD16,Mono,Mono
GCAATCAAGTGACTCT-8,MEG,Other,CD14,CD14,Mono,Mono
TGACTTTTCTCTAAGG-6,cDC,DC,cDC2,cDC2,DC,DC
TGGACGCCATCCGCGA-7,CD4 Tcm,T,CD4 Naive,CD4 Naive,T,T
GCTGGGTAGATCCCAT-1,CD4-CD8,T,NK2,NK2,NK,NK
CATCCACCAATCAGAA-1,CD4+CD8,T,NK3,NK3,NK,NK
CATCAAGTCGAATGGG-4,T-mito,T,T-mito,T-mito,T,T
AGACGTTAGAGCTTCT-4,NK1,NK,NK1,NK1,NK,NK
TTTATGCCACGGTAAG-4,ASC,B,ASC,ASC,B,B
TCGCGTTAGTACGTAA-2,RBC,Other,CD4 Naive,CD4 Tcm,T,T
GACGTGCTCTAACTTC-5,pDC,DC,pDC,pDC,DC,DC
ATCTGCCCATCGTCGG-3,CD14,Mono,CD14,CD14,Mono,Mono
GCGAGAAAGTTTAGGA-3,NK3,NK,NK3,CD8 CTL,NK,T
CTCTACGCAAACTGCT-4,CD4 Naive,T,CD4 Naive,CD4 Naive,T,T
CCACCTAGTGGTGTAG-6,CD4 Tem,T,CD4 Tem,CD4 Tem,T,T
GCTGCGAGTCTAGCCG-5,CD8 Naive,T,CD8 Naive,CD8 Naive,T,T
CGTCACTAGCGGATCA-4,NK2,NK,NK2,NK2,NK,NK
GTGCTTCTCCTATGTT-1,CD8 CTL,T,CD8 CTL,CD8 CTL,T,T
CCCAGTTCATCCCACT-3,CD8 Tem,T,CD8 Tex,CD8 Tex,T,T
GGGCATCGTCCGTGAC-2,Naive BC,B,Naive,Naive,B,B
CATCCACCACCAGGCT-2,Memory BC,B,Memory,Memory,B,B
ACCAGTAGTTTGTTTC-4,CD16,Mono,CD16,CD16,Mono,Mono
AACACGTTCGGATGGA-3,MEG,Other,NK3,NK3,NK,NK
CCAATCCAGAGATGAG-5,cDC,DC,cDC2,cDC2,DC,DC
CGGACACGTCGAAAGC-7,CD4 Tcm,T,CD4 Tem,CD4 Tem,T,T
TAAGTGCGTCGAAAGC-1,CD4-CD8,T,CD4-CD8-,CD4-CD8-,T,T
ACTGAACTCAGAGGTG-3,CD4+CD8,T,NK3,NK3,NK,NK
CACATTTTCATGTCCC-4,T-mito,T,T-mito,T-mito,T,T
GTGTGCGTCGAATGGG-8,NK1,NK,NK1,NK1,NK,NK
GTTCTCGAGAACTGTA-5,ASC,B,ASC,ASC,B,B
TGACAACGTCAGAGGT-2,RBC,Other,Naive,Naive,B,B
CCTATTACACATAACC-1,pDC,DC,pDC,pDC,DC,DC
ACGATACGTAGCTCCG-4,CD14,Mono,CD14,CD14,Mono,Mono
CACAAACTCAGGCGAA-8,NK3,NK,CD8 Tem,CD8 CTL,T,T
CTGTGCTAGTGTACCT-4,CD4 Naive,T,CD4 Treg,CD4 Treg,T,T
ATCCGAATCGCCGTGA-6,CD4 Tem,T,CD4 Tem,CD4 Tem,T,T
TAGTTGGGTAAAGTCA-1,CD8 Naive,T,CD8 Naive,CD8 Naive,T,T
TTTCCTCCACATGGGA-2,NK2,NK,NK2,NK2,NK,NK
GCAGCCATCGTCCAGG-4,CD8 CTL,T,CD8 CTL,CD8 CTL,T,T
CTAAGACTCGTAGGTT-4,CD8 Tem,T,CD8 Tex,CD8 Tex,T,T
ACTGATGTCCCTAACC-6,Naive BC,B,Naive,Naive,B,B
CGGCTAGCAAGTCATC-1,Memory BC,B,Naive,Naive,B,B
CGTGTCTGTATCGCAT-8,CD16,Mono,CD16,CD16,Mono,Mono
CGTTCTGGTGTCAATC-2,MEG,Other,NK2,NK2,NK,NK
CGTGAGCGTGGTACAG-2,cDC,DC,CD14,CD14,Mono,Mono
CCGGGATGTCCTCTTG-7,CD4 Tcm,T,CD4 Tem,CD4 Tem,T,T
CGGCTAGAGGGAGTAA-1,CD4-CD8,T,CD4-CD8-,CD8 CTL,T,T
GTCACAACAAGACACG-3,CD4+CD8,T,CD4+CD8+,NK3,T,NK
GTTTCTAAGATCCCAT-6,T-mito,T,T-mito,T-mito,T,T
ACACCCTCATAAAGGT-3,NK1,NK,NK1,NK1,NK,NK
GAAACTCCATTACCTT-1,ASC,B,ASC,ASC,B,B
CTTTGCGCAAGCGTAG-1,RBC,Other,CD4 Tcm,CD4 Tcm,T,T
AGGGATGGTCAGCTAT-4,pDC,DC,CD14,CD14,Mono,Mono
CTACGTCGTAGCGTGA-7,CD14,Mono,CD14,CD14,Mono,Mono
CTAAGACTCGTTACAG-1,NK3,NK,NK2,NK2,NK,NK
CGTGTAATCGATCCCT-1,CD4 Naive,T,CD4 Naive,CD4 Naive,T,T
GAACATCGTCTCGTTC-6,CD4 Tem,T,CD4 Tcm,CD4 Tcm,T,T
TCCACACCAGTTCATG-6,CD8 Naive,T,CD8 Naive,CD8 Naive,T,T
ACACCAACAAGCCGTC-4,NK2,NK,NK2,NK2,NK,NK
CTCAGAATCATCTGTT-1,CD8 CTL,T,CD4 Tex,CD4 Tex,T,T
GCTCCTAGTAGCTGCC-4,CD8 Tem,T,CD8 Tex,CD8 Tex,T,T
GAGTCCGTCATTGCCC-3,Naive BC,B,Naive,Naive,B,B
AGACGTTCATCGTCGG-6,Memory BC,B,Memory,Memory,B,B
CGCCAAGTCCATTCTA-2,CD16,Mono,CD16,CD16,Mono,Mono
CAGAGAGTCGCCATAA-7,MEG,Other,CD14,CD14,Mono,Mono
CATGGCGGTACTCGCG-2,cDC,DC,cDC1,cDC1,DC,DC
CGAATGTCACAAGTAA-5,CD4 Tcm,T,CD4 Naive,CD4 Naive,T,T
ATGAGGGAGGCAGTCA-1,CD4-CD8,T,CD4-CD8-,CD4-CD8-,T,T
GGACATTAGAGCTTCT-3,CD4+CD8,T,CD4+CD8+,NK2,T,NK
CGGACTGAGCACACAG-8,T-mito,T,T-mito,T-mito,T,T
TACTCGCTCACAGTAC-4,NK1,NK,NK1,NK1,NK,NK
GTGGGTCCACCCAGTG-6,ASC,B,ASC,ASC,B,B
ACGCAGCTCCTACAGA-2,RBC,Other,Naive,Naive,B,B
CTGAAACGTAATAGCA-2,pDC,DC,pDC,pDC,DC,DC
CTCCTAGGTGTTTGTG-6,CD14,Mono,CD14,CD14,Mono,Mono
CGAGCACGTGACTCAT-1,NK3,NK,CD4+CD8+,CD4+CD8+,T,T
TCAGCAAAGCACAGGT-8,CD4 Naive,T,CD4 Treg,CD4 Treg,T,T
CCTCTGACAGATCTGT-3,CD4 Tem,T,CD4 Tem,CD4 Naive,T,T
CGATCGGCACCAGGTC-6,CD8 Naive,T,CD8 Naive,CD8 Naive,T,T
CTTAACTAGAGCTGGT-8,NK2,NK,NK2,NK2,NK,NK
CCGTTCATCCGTCAAA-3,CD8 CTL,T,CD8 CTL,CD8 CTL,T,T
CAGCATAGTTGTGGCC-8,CD8 Tem,T,CD8 Tex,CD8 Tex,T,T
GTTACAGAGGCCATAG-8,Naive BC,B,Naive,Naive,B,B
TCTCATAGTAGCGCAA-8,Memory BC,B,Memory,Memory,B,B
GTACGTAGTTTGGCGC-7,CD16,Mono,CD16,CD16,Mono,Mono
GTCCTCATCCCAACGG-3,MEG,Other,CD4 Treg,CD4 Treg,T,T
GATGAAAGTAGGCTGA-4,cDC,DC,cDC2,cDC2,DC,DC
TGCTACCGTGCCTGTG-1,CD4 Tcm,T,CD4 Naive,CD4 Naive,T,T
TATTACCAGTTATCGC-1,CD4-CD8,T,CD4-CD8-,CD4-CD8-,T,T
GAAACTCCATTTGCTT-8,CD4+CD8,T,CD4+CD8+,CD4+CD8+,T,T
AACTTTCGTGGGTATG-4,T-mito,T,T-mito,T-mito,T,T
AGCCTAAGTACTCGCG-4,NK1,NK,NK2,NK2,NK,NK
CTGAAGTGTAGAGTGC-5,ASC,B,ASC,ASC,B,B
ATTACTCGTATATGAG-2,RBC,Other,CD4 Treg,CD4 Treg,T,T
CTCTAATTCGTCGTTC-7,pDC,DC,pDC,pDC,DC,DC
CCTTCGATCGCGATCG-2,CD14,Mono,CD14,CD14,Mono,Mono
GTATCTTAGAGCTGCA-5,NK3,NK,NK3,NK3,NK,NK
GTGCATACATTCTCAT-1,CD4 Naive,T,CD4 Naive,CD4 Naive,T,T
CGGAGCTTCTCGGACG-4,CD4 Tem,T,CD4 Tem,CD4 Tem,T,T
AAAGTAGAGTGGCACA-5,CD8 Naive,T,CD8 Naive,CD8 Naive,T,T
GGACATTAGCCACGTC-4,NK2,NK,NK2,NK2,NK,NK
AAATGCCAGACAGACC-3,CD8 CTL,T,CD8 CTL,CD8 CTL,T,T
GTACTCCCAGGATTGG-2,CD8 Tem,T,CD8 Tem,CD8 Tem,T,T
ACGGCCAGTCTGCCAG-8,Naive BC,B,Memory,Memory,B,B
CGGAGTCTCAAACCGT-7,Memory BC,B,Memory,Memory,B,B
CGAGCCATCGATGAGG-7,CD16,Mono,CD16,CD16,Mono,Mono
TCGGTAAGTACCGCTG-4,MEG,Other,CD8 Naive,CD8 Naive,T,T
GGTGCGTTCGTGACAT-7,cDC,DC,cDC2,cDC2,DC,DC
TGCGTGGAGTACATGA-5,CD4 Tcm,T,CD4 Naive,CD4 Naive,T,T
TCGGTAATCCTCGCAT-2,CD4-CD8,T,CD4-CD8-,CD4-CD8-,T,T
ATCGAGTTCCCAACGG-3,CD4+CD8,T,NK3,NK3,NK,NK
TCTTCGGAGCGATATA-4,T-mito,T,T-mito,T-mito,T,T
ATTGGACGTTCAGACT-8,NK1,NK,NK1,NK1,NK,NK
ATCCACCGTCTAGTGT-5,ASC,B,ASC,ASC,B,B
CTAGCCTGTTCCGTCT-1,RBC,Other,Naive,Naive,B,B
AGCTCCTTCATGGTCA-4,pDC,DC,pDC,pDC,DC,DC
AGCTTGACAACGATCT-7,CD14,Mono,CD14,CD14,Mono,Mono
CTCACACTCTTGTATC-6,NK3,NK,NK3,NK3,NK,NK
AGCATACGTGTATGGG-2,CD4 Naive,T,CD4 Naive,CD4 Naive,T,T
CTGTGCTCATTACCTT-7,CD4 Tem,T,CD4 Tem,CD4 Tem,T,T
TGCCAAATCGCAAGCC-6,CD8 Naive,T,CD8 Naive,CD8 Naive,T,T
GTCATTTCAGATCGGA-1,NK2,NK,NK2,NK2,NK,NK
GCATGCGGTACTCAAC-6,CD8 CTL,T,CD8 CTL,CD8 CTL,T,T
TAGGCATAGCGATAGC-4,CD8 Tem,T,CD8 Tem,CD8 Tem,T,T
AGACGTTAGTGCCATT-6,Naive BC,B,Naive,Naive,B,B
TGCCCATTCGTGTAGT-5,Memory BC,B,Naive,Naive,B,B
CGACTTCAGACAGAGA-7,CD16,Mono,CD16,CD16,Mono,Mono
ACAGCCGCATCCGGGT-8,MEG,Other,CD4 Tex,CD4 Tex,T,T
GTACTTTAGTTGTAGA-7,cDC,DC,cDC2,cDC2,DC,DC
CTACATTTCAGCGACC-2,CD4 Tcm,T,CD4 Tem,CD4 Tem,T,T
AGGGTGAGTGTAACGG-2,CD4-CD8,T,CD4-CD8-,CD4-CD8-,T,T
CTCGGGACATCGATGT-1,CD4+CD8,T,CD4+CD8+,CD4+CD8+,T,T
ACAGCTAGTCAGCTAT-7,T-mito,T,T-mito,T-mito,T,T
CCATTCGTCGGATGTT-1,NK1,NK,NK1,NK1,NK,NK
GAAGCAGTCAAGGCTT-6,ASC,B,ASC,ASC,B,B
GATGAAATCAAACCGT-1,RBC,Other,CD8 CTL,CD8 CTL,T,T
CATTCGCTCCTGTAGA-8,pDC,DC,pDC,pDC,DC,DC
CAAGATCCATTGAGCT-4,CD14,Mono,CD14,CD14,Mono,Mono
TGCCCTAGTATGAAAC-8,NK3,NK,NK3,NK3,NK,NK
ACTGCTCTCGATCCCT-2,CD4 Naive,T,CD4 Naive,CD4 Naive,T,T
TGACTAGCAAGCCGTC-6,CD4 Tem,T,CD4 Tem,CD4 Tem,T,T
TAAACCGCACACATGT-2,CD8 Naive,T,CD8 Naive,CD8 Naive,T,T
GACGTGCGTACCTACA-4,NK2,NK,NK2,NK2,NK,NK
CAACCAACAGCCTGTG-4,CD8 CTL,T,CD8 CTL,CD4+CD8+,T,T
TGCTACCTCTCAAGTG-4,CD8 Tem,T,CD4+CD8+,CD4+CD8+,T,T
AAGGAGCCAAGTAATG-6,Naive BC,B,Naive,Naive,B,B
CATATTCAGTGGTCCC-8,Memory BC,B,ABC,ABC,B,B
CAAGATCAGTACGTAA-7,CD16,Mono,CD16,CD16,Mono,Mono
GTACTTTCAATCGAAA-3,MEG,Other,CD14,CD14,Mono,Mono
ACTTTCAGTCGAGATG-7,cDC,DC,cDC2,cDC2,DC,DC
AGCGTATGTAGCTTGT-5,CD4 Tcm,T,T-mito,T-mito,T,T
CAGCAGCAGCAGGCTA-1,CD4-CD8,T,CD4-CD8-,CD4-CD8-,T,T
GTACGTACAATCTGCA-4,CD4+CD8,T,CD4+CD8+,CD4+CD8+,T,T
ATCCACCTCGGATGGA-4,T-mito,T,T-mito,T-mito,T,T
AGCTTGATCTACGAGT-4,NK1,NK,NK1,NK1,NK,NK
ACCCACTCATCACGAT-6,ASC,B,ASC,ASC,B,B
ATTGGTGGTCAAACTC-3,RBC,Other,CD4 Tcm,CD4 Tcm,T,T
CGGAGTCCAGCTCGCA-4,pDC,DC,pDC,pDC,DC,DC
ACTGAGTCAATGGAAT-6,CD14,Mono,CD14,CD14,Mono,Mono
TCGGGACCATTCACTT-3,NK3,NK,NK3,NK3,NK,NK
CTAGTGAGTTAAGTAG-2,CD4 Naive,T,CD4 Naive,CD4 Naive,T,T
ATGCGATTCAGTCCCT-8,CD4 Tem,T,CD4 Tem,CD4 Tem,T,T
CTTAACTGTTTGTTGG-2,CD8 Naive,T,CD4 Naive,CD4 Naive,T,T
TGGCCAGTCTGATACG-8,NK2,NK,NK2,NK2,NK,NK
GGATTACAGGTGTGGT-7,CD8 CTL,T,CD4+CD8+,CD4+CD8+,T,T
GGGTCTGTCCCAAGAT-1,CD8 Tem,T,CD4 Tem,CD4 Tem,T,T
AGCTTGATCTCTTGAT-8,Naive BC,B,Naive,Naive,B,B
ACGCCGAGTCTTTCAT-3,Memory BC,B,Memory,Memory,B,B
GGACAAGAGGAATCGC-7,CD16,Mono,CD16,CD16,Mono,Mono
AACTTTCGTGCAGACA-2,MEG,Other,CD8 Tem,CD8 Tem,T,T
AGGTCATAGATACACA-3,cDC,DC,cDC2,cDC2,DC,DC
GTTCGGGCAAACAACA-4,CD4 Tcm,T,CD4 Naive,CD4 Naive,T,T
CGCTATCGTAAGGATT-1,CD4-CD8,T,CD4-CD8-,CD4-CD8-,T,T
CTGTTTAAGCGACGTA-4,CD4+CD8,T,CD4-CD8-,CD4-CD8-,T,T
CCGGGATTCGTAGATC-8,T-mito,T,T-mito,T-mito,T,T
AAACGGGGTTAGAACA-4,NK1,NK,NK1,NK1,NK,NK
GCAATCAGTAAAGGAG-8,ASC,B,ASC,ASC,B,B
CACACAAGTTATGTGC-1,RBC,Other,Naive,Naive,B,B
ACTTTCACACCTCGTT-7,pDC,DC,pDC,pDC,DC,DC
GAGCAGAAGAATCTCC-1,CD14,Mono,CD14,CD14,Mono,Mono
GAATAAGCAATCCAAC-3,NK3,NK,NK3,NK3,NK,NK
GGAGCAAGTTACGACT-6,CD4 Naive,T,CD4 Naive,CD4 Naive,T,T
CTTACCGGTCTCACCT-3,CD4 Tem,T,CD4 Treg,CD4 Treg,T,T
AGAGCTTCACGAAATA-5,CD8 Naive,T,CD8 Naive,CD8 Naive,T,T
TCATTACGTTCCGGCA-4,NK2,NK,NK2,NK2,NK,NK
AACCGCGTCTCCAGGG-4,CD8 CTL,T,CD8 CTL,CD8 CTL,T,T
TCTCTAAAGCAATATG-8,CD8 Tem,T,CD4 Tem,CD4 Tem,T,T
TTCTCCTTCAGTTCGA-4,Naive BC,B,Naive,Naive,B,B
CGCTGGACACGAGAGT-3,Memory BC,B,Memory,Memory,B,B
CCAATCCCAATGGTCT-7,CD16,Mono,CD16,CD16,Mono,Mono
CGCTGGAGTTCGGCAC-2,MEG,Other,NK2,NK2,NK,NK
TCGTACCAGATGCCTT-8,cDC,DC,cDC2,cDC2,DC,DC
CTAACTTAGCCAGTAG-7,CD4 Tcm,T,CD4 Tem,CD4 Tem,T,T
GGCCGATGTATCAGTC-8,CD4-CD8,T,CD4-CD8-,CD4-CD8-,T,T
GTCCTCACAAGAGGCT-4,CD4+CD8,T,NK2,NK2,NK,NK
CGATGTAGTCCCTTGT-2,T-mito,T,T-mito,T-mito,T,T
GATGCTAAGACACTAA-8,NK1,NK,NK1,NK1,NK,NK
GTTTCTAAGTGAAGAG-7,ASC,B,ASC,ASC,B,B
CGTGAGCTCCGTAGTA-2,RBC,Other,Naive,Naive,B,B
CGTTAGATCCGCGGTA-2,pDC,DC,pDC,pDC,DC,DC
GCTTGAATCTGGTGTA-4,CD14,Mono,CD14,CD14,Mono,Mono
AGAGTGGGTAAGTGTA-1,NK3,NK,NK2,NK2,NK,NK
GATGAGGGTGTTAAGA-6,CD4 Naive,T,CD4 Naive,CD4 Naive,T,T
AGGTCCGTCAGCATGT-3,CD4 Tem,T,CD4 Tem,CD4 Tem,T,T
AGCGGTCCATGCTAGT-2,CD8 Naive,T,CD8 Naive,CD8 Naive,T,T
CTCGTACCATCTCGCT-2,NK2,NK,NK2,NK2,NK,NK
CAGGTGCAGACGCACA-1,CD8 CTL,T,CD4 Tex,CD4 Tex,T,T
CATCAGAAGAAACGAG-1,CD8 Tem,T,CD8 Tem,CD8 Tem,T,T
CTCGAGGTCATCTGCC-6,Naive BC,B,Naive,Naive,B,B
TCGGGACAGCCATCGC-8,Memory BC,B,Naive,Naive,B,B
ACTTGTTTCACTTACT-4,CD16,Mono,CD16,CD16,Mono,Mono
TGAGCATGTCGAATCT-3,MEG,Other,NK3,NK3,NK,NK
CAAGGCCAGATGTAAC-8,cDC,DC,cDC2,cDC2,DC,DC
CTACGTCGTCTACCTC-5,CD4 Tcm,T,CD4 Tcm,CD4 Tcm,T,T
CCATGTCCAAGGTTTC-1,CD4-CD8,T,CD4-CD8-,CD4-CD8-,T,T
TGTATTCTCGTGGGAA-1,CD4+CD8,T,NK3,NK3,NK,NK
CATATGGCAAGTCATC-8,T-mito,T,CD14,CD14,Mono,Mono
TTGGCAATCGCTAGCG-4,NK1,NK,NK1,NK1,NK,NK
TGCGTGGTCACATGCA-4,ASC,B,ASC,ASC,B,B
AAACGGGGTCGACTAT-1,RBC,Other,CD4 Tcm,CD4 Tcm,T,T
AAGGCAGCATAACCTG-7,pDC,DC,pDC,pDC,DC,DC
GCTTGAAGTCACCTAA-6,CD14,Mono,Intermed,Intermed,Other,Other
AGTTGGTGTGTCAATC-5,NK3,NK,NK2,NK2,NK,NK
GACACGCTCCGTCAAA-2,CD4 Naive,T,CD4 Naive,CD4 Naive,T,T
TAGTTGGCACCGATAT-6,CD4 Tem,T,CD4 Tem,CD4 Tem,T,T
CTACCCACACGGATAG-7,CD8 Naive,T,CD4 Naive,CD4 Naive,T,T
CATCAAGGTCACCCAG-4,NK2,NK,NK2,NK2,NK,NK
CACCTTGCAATGGTCT-3,CD8 CTL,T,CD4+CD8+,CD4+CD8+,T,T
CTCTGGTAGACAGACC-1,CD8 Tem,T,T-mito,T-mito,T,T
CCAGCGAAGCCGATTT-6,Naive BC,B,Memory,Memory,B,B
CTTACCGGTGATAAAC-3,Memory BC,B,Memory,Memory,B,B
AAGCCGCCACGTCAGC-8,CD16,Mono,CD16,CD16,Mono,Mono
TAAGAGAAGTACGCCC-2,MEG,Other,NK2,NK2,NK,NK
CCTTCGACACGTTGGC-1,cDC,DC,cDC2,CD14,DC,Mono
TACGGGCTCTGAAAGA-5,CD4 Tcm,T,CD8 Naive,CD8 Naive,T,T
CTAGAGTCACCAGTTA-2,CD4-CD8,T,CD4-CD8-,CD4-CD8-,T,T
AAACGGGTCTCCGGTT-5,CD4+CD8,T,NK2,NK2,NK,NK
AAGGTTCCAAGCTGGA-4,T-mito,T,T-mito,T-mito,T,T
TCAGCAATCAGTTAGC-4,NK1,NK,NK1,NK1,NK,NK
GAAATGATCTGTCCGT-6,ASC,B,ASC,ASC,B,B
CGACCTTAGCCACGTC-2,RBC,Other,CD14,CD14,Mono,Mono
GGGTCTGAGGTGATAT-2,pDC,DC,pDC,pDC,DC,DC
TATGCCCAGATGTTAG-4,CD14,Mono,Intermed,Intermed,Other,Other
GGAGCAATCATAGCAC-3,NK3,NK,NK3,NK3,NK,NK
ACGATACCACTGTTAG-6,CD4 Naive,T,CD4 Naive,CD4 Naive,T,T
ACCTTTATCATTGCGA-5,CD4 Tem,T,CD4 Tem,CD4 Tem,T,T
GCGCGATCACTTACGA-5,CD8 Naive,T,CD4 Tcm,CD4 Tcm,T,T
TACAGTGTCATCGATG-3,NK2,NK,NK3,NK3,NK,NK
ACTGCTCTCATTGCGA-5,CD8 CTL,T,CD4+CD8+,CD4+CD8+,T,T
CAGAATCCAGGGAGAG-1,CD8 Tem,T,CD4-CD8-,CD4-CD8-,T,T
TGACTTTAGCCCGAAA-6,Naive BC,B,ABC,ABC,B,B
GTGTTAGTCTGGTTCC-7,Memory BC,B,Naive,Naive,B,B
GACAGAGTCTGCTGCT-8,CD16,Mono,CD16,CD16,Mono,Mono
CGAACATGTCTCCACT-1,MEG,Other,CD14,CD14,Mono,Mono
GAATAAGAGCGTGAAC-8,cDC,DC,cDC2,cDC2,DC,DC
ACATGGTAGCTAGGCA-5,CD4 Tcm,T,CD4 Naive,CD4 Naive,T,T
CATGCCTAGTACCGGA-2,CD4-CD8,T,CD4-CD8-,CD4-CD8-,T,T
TGCTGCTCAGGGCATA-4,CD4+CD8,T,CD4+CD8+,CD4+CD8+,T,T
TACTCGCGTCGCATAT-3,T-mito,T,T-mito,T-mito,T,T
CATCGGGCATTAGGCT-5,NK1,NK,NK1,NK1,NK,NK
GTATTCTTCATTTGGG-6,ASC,B,ASC,ASC,B,B
AACTCAGGTCGCGTGT-1,RBC,Other,NK3,CD16,NK,Mono
GGACAGATCACATACG-2,pDC,DC,pDC,pDC,DC,DC
TCATTTGGTATATGGA-6,CD14,Mono,CD14,CD14,Mono,Mono
CTTACCGAGCGCCTCA-8,NK3,NK,NK3,NK3,NK,NK
GACGTTAAGATGTGGC-4,CD4 Naive,T,CD4 Naive,CD4 Naive,T,T
TGAGCATCACGAAATA-3,CD4 Tem,T,CD4 Naive,CD4 Naive,T,T
CTACCCATCAACTCTT-4,CD8 Naive,T,CD8 Naive,CD4 Tcm,T,T
CAGCTGGAGTGGACGT-1,NK2,NK,NK2,NK2,NK,NK
CTGCCTATCGATAGAA-2,CD8 CTL,T,CD8 CTL,CD8 CTL,T,T
TTTGGTTCATCTATGG-2,CD8 Tem,T,CD8 Tex,CD8 Tex,T,T
CTCAGAAGTTGCGTTA-6,Naive BC,B,Naive,Naive,B,B
GATTCAGGTCTTCTCG-8,Memory BC,B,Memory,Memory,B,B
CCACGGAGTCTCCATC-8,CD16,Mono,CD16,CD16,Mono,Mono
TCACAAGTCAAAGACA-4,MEG,Other,T-mito,T-mito,T,T
ATCATCTTCTCGAGTA-7,cDC,DC,cDC2,cDC2,DC,DC
CACACAATCTCGTTTA-1,CD4 Tcm,T,CD4 Naive,CD4 Naive,T,T
CTAACTTAGGACTGGT-1,CD4-CD8,T,NK3,NK3,NK,NK
TCTTCGGTCGCTAGCG-1,CD4+CD8,T,NK2,NK2,NK,NK
CTCTGGTGTAAGGGCT-6,T-mito,T,CD4+CD8+,CD4+CD8+,T,T
TACTTGTAGTACGCGA-2,NK1,NK,NK1,NK1,NK,NK
CATGGCGCATCCAACA-4,ASC,B,ASC,ASC,B,B
CGAGAAGCAGCTTCGG-1,RBC,Other,CD4 Tcm,CD4 Tcm,T,T
CATGGCGGTTCTGGTA-8,pDC,DC,pDC,pDC,DC,DC
CCTAGCTAGGGCATGT-4,CD14,Mono,CD14,CD14,Mono,Mono
AAGGTTCGTCTTGTCC-1,NK3,NK,NK2,NK2,NK,NK
ACAGCCGGTATGAAAC-6,CD4 Naive,T,CD4 Tcm,CD4 Tcm,T,T
TACTCGCTCGTTTAGG-4,CD4 Tem,T,CD4 Tem,CD4 Tem,T,T
TCGCGAGCATTAACCG-4,CD8 Naive,T,CD4 Tcm,CD4 Tcm,T,T
GCTTCCATCAACTCTT-3,NK2,NK,NK2,NK2,NK,NK
ACATGGTCACACAGAG-2,CD8 CTL,T,CD8 CTL,CD8 CTL,T,T
CGCCAAGGTATGAAAC-7,CD8 Tem,T,CD8 Tem,CD8 Tem,T,T
GTACGTAGTCCAAGTT-6,Naive BC,B,Naive,Naive,B,B
ACATCAGCATTGCGGC-6,Memory BC,B,Memory,Memory,B,B
TGATTTCTCTAGAGTC-4,CD16,Mono,CD16,CD16,Mono,Mono
CAGAATCTCTTTACGT-8,MEG,Other,NK2,NK2,NK,NK
TGCCCATGTAAAGGAG-7,cDC,DC,cDC2,cDC2,DC,DC
TTCTCCTAGAGCTATA-5,CD4 Tcm,T,CD4 Naive,CD4 Naive,T,T
GTCGGGTCAATCACAC-2,CD4-CD8,T,CD4-CD8-,CD4-CD8-,T,T
GTACTTTAGAGTACCG-2,CD4+CD8,T,NK2,NK2,NK,NK
CGCCAAGCAGGGATTG-1,T-mito,T,T-mito,T-mito,T,T
TCAGCAAGTAGATTAG-8,NK1,NK,CD4+CD8+,NK1,T,NK
GTCTTCGAGTGCGATG-7,ASC,B,ASC,ASC,B,B
CTGAAGTCAGTATGCT-2,RBC,Other,CD4-CD8-,CD4-CD8-,T,T
CATTATCCATCACGAT-4,pDC,DC,pDC,pDC,DC,DC
ACTGATGTCTCAAGTG-6,CD14,Mono,Intermed,Intermed,Other,Other
TGCTGCTCACACATGT-2,NK3,NK,NK2,NK2,NK,NK
CAAGGCCTCTGGCGAC-4,CD4 Naive,T,CD4 Naive,CD4 Naive,T,T
TGGGCGTGTACCATCA-3,CD4 Tem,T,CD4 Tem,CD4 Tem,T,T
CACCTTGCAGACACTT-4,CD8 Naive,T,CD4 Naive,CD4 Naive,T,T
GACTAACCACAACTGT-1,NK2,NK,NK2,NK2,NK,NK
ACGCCAGTCGGAGGTA-4,CD8 CTL,T,CD8 CTL,CD8 CTL,T,T
GGAACTTTCAATAAGG-1,CD8 Tem,T,T-mito,T-mito,T,T
TCTTCGGGTGTCGCTG-8,Naive BC,B,Naive,Naive,B,B
CAGCATACACTCTGTC-1,Memory BC,B,Memory,Memory,B,B
GTAGGCCCAACACGCC-7,CD16,Mono,Intermed,Intermed,Other,Other
CGGTTAACACCAGCAC-3,MEG,Other,CD4 Treg,CD4 Treg,T,T
CGGACTGCATAGACTC-8,cDC,DC,cDC2,cDC2,DC,DC
TGCCCTATCATAACCG-5,CD4 Tcm,T,CD8 Naive,CD8 Naive,T,T
GACGTTAAGGAGCGTT-1,CD4-CD8,T,CD4-CD8-,CD4-CD8-,T,T
GCTTCCAAGACAGAGA-5,CD4+CD8,T,NK3,NK3,NK,NK
TACTTGTAGCTGCGAA-6,T-mito,T,T-mito,T-mito,T,T
CAGATCAGTAAGTGTA-5,NK1,NK,NK1,NK1,NK,NK
TGACAACAGCGATAGC-4,ASC,B,ASC,ASC,B,B
ATTTCTGAGATATGGT-2,RBC,Other,CD4 Tcm,CD4 Tcm,T,T
GGGTTGCGTAGATTAG-7,pDC,DC,CD14,Intermed,Mono,Other
CCTACACCATCAGTAC-2,CD14,Mono,CD14,CD14,Mono,Mono
AGGTCCGGTAAGAGGA-2,NK3,NK,NK2,NK2,NK,NK
AACTCTTCAGACAAAT-6,CD4 Naive,T,CD4 Naive,CD4 Naive,T,T
AAGGTTCCACACATGT-3,CD4 Tem,T,CD4 Tem,CD4 Tem,T,T
TACACGATCCATGAGT-2,CD8 Naive,T,CD8 Naive,CD8 Naive,T,T
CTGTTTATCTAAGCCA-4,NK2,NK,NK2,NK2,NK,NK
GGCTGGTCATTCACTT-3,CD8 CTL,T,CD8 CTL,CD8 CTL,T,T
GGACATTTCGCTTGTC-2,CD8 Tem,T,CD8 Tex,CD8 Tex,T,T
CGGGTCACATCCGCGA-8,Naive BC,B,Naive,Naive,B,B
TAGGCATGTCTTGTCC-1,Memory BC,B,Naive,Naive,B,B
GGGCACTCATCCTAGA-7,CD16,Mono,CD16,CD16,Mono,Mono
GATCGATAGTATGACA-3,MEG,Other,NK3,NK3,NK,NK
ACGCCAGGTCTAAAGA-2,cDC,DC,cDC2,cDC2,DC,DC
TCACAAGTCCTATTCA-5,CD4 Tcm,T,CD4 Tem,CD4 Tem,T,T
TTCTCAAGTTGATTGC-2,CD4-CD8,T,CD4-CD8-,CD4-CD8-,T,T
AGCCTAACATCCAACA-4,CD4+CD8,T,CD4+CD8+,CD4+CD8+,T,T
AAAGTAGAGTAACCCT-4,T-mito,T,T-mito,T-mito,T,T
GTTCGGGTCATGGTCA-3,NK1,NK,NK2,NK2,NK,NK
CGTAGGCAGCTAGGCA-7,ASC,B,ASC,ASC,B,B
TGCCCATTCGTCCGTT-3,RBC,Other,T-mito,T-mito,T,T
CGGAGCTGTATATGGA-7,pDC,DC,pDC,pDC,DC,DC
AGCAGCCGTCGCATCG-7,CD14,Mono,CD14,CD14,Mono,Mono
CGTCCATCAGCCAATT-1,NK3,NK,NK3,NK3,NK,NK
CTGAAGTGTATGAATG-4,CD4 Naive,T,CD4 Naive,CD4 Naive,T,T
CCGGTAGCAGGGTTAG-4,CD4 Tem,T,CD4 Tem,CD4 Tem,T,T
TGAGCCGGTTGATTGC-6,CD8 Naive,T,CD8 Naive,CD8 Naive,T,T
ACGATGTCACTTAAGC-2,NK2,NK,NK2,NK2,NK,NK
TGTGGTAGTAAGGGAA-8,CD8 CTL,T,CD8 CTL,CD8 CTL,T,T
AAAGTAGGTGATGCCC-3,CD8 Tem,T,CD8 Tem,CD8 Tem,T,T
TGCTGCTAGTTGTCGT-6,Naive BC,B,Naive,Naive,B,B
ATCCACCTCACGCATA-6,Memory BC,B,Memory,Naive,B,B
CGGCTAGAGTCCTCCT-7,CD16,Mono,CD16,CD16,Mono,Mono
GCATGCGGTCAACTGT-2,MEG,Other,Intermed,Intermed,Other,Other
CCCAGTTGTTTGCATG-7,cDC,DC,cDC2,cDC2,DC,DC
GCATGCGAGAACAACT-7,CD4 Tcm,T,CD4 Naive,CD4 Naive,T,T
TACCTATGTAGGCATG-1,CD4-CD8,T,CD4-CD8-,CD4-CD8-,T,T
CTGCTGTCAGTATAAG-3,CD4+CD8,T,CD4 Tex,CD8 Tex,T,T
CTACCCACACCGTTGG-4,T-mito,T,T-mito,T-mito,T,T
CGACTTCAGACAGACC-5,NK1,NK,NK1,NK1,NK,NK
ATCCACCTCTTTAGGG-1,ASC,B,ASC,ASC,B,B
CGATTGAAGTATCGAA-2,RBC,Other,CD14,CD14,Mono,Mono
CAGCAGCCACGGTTTA-4,pDC,DC,pDC,pDC,DC,DC
ACAGCTATCATCGCTC-8,CD14,Mono,CD14,CD14,Mono,Mono
CCCTCCTAGTTGAGTA-4,NK3,NK,NK3,NK3,NK,NK
TGACGGCTCGTTGCCT-3,CD4 Naive,T,CD4 Naive,CD4 Naive,T,T
CGATCGGTCCAAATGC-6,CD4 Tem,T,CD4 Tem,CD4 Tem,T,T
CAACTAGTCGGCTACG-4,CD8 Naive,T,CD8 Naive,CD8 Naive,T,T
CATTATCAGCACACAG-2,NK2,NK,NK2,NK2,NK,NK
CTCATTAGTAAATGAC-5,CD8 CTL,T,CD8 CTL,CD8 CTL,T,T
GGAGCAATCTTCGAGA-1,CD8 Tem,T,T-mito,T-mito,T,T
AGGTCCGAGTCCGTAT-8,Naive BC,B,Naive,Naive,B,B
TCAGCAAGTTGCGTTA-8,Memory BC,B,ABC,ABC,B,B
ATAAGAGAGTGGTAAT-1,CD16,Mono,CD14,Intermed,Mono,Other
CATGGCGTCCTATTCA-2,MEG,Other,T-mito,T-mito,T,T
GAGGTGATCTCGAGTA-1,cDC,DC,cDC2,cDC2,DC,DC
CTCCTAGTCTTCGGTC-5,CD4 Tcm,T,CD4 Treg,CD4 Treg,T,T
AGTGGGACATCAGTAC-2,CD4-CD8,T,CD4-CD8-,CD4-CD8-,T,T
GATGCTATCACTGGGC-3,CD4+CD8,T,CD4+CD8+,CD4+CD8+,T,T
AGCAGCCAGGTGCAAC-7,T-mito,T,cDC1,cDC1,DC,DC
TGGCTGGGTTCAGACT-8,NK1,NK,NK1,NK1,NK,NK
GTTCTCGTCATTGCCC-5,ASC,B,ASC,ASC,B,B
ATCCGAACAGGCAGTA-1,RBC,Other,CD14,CD14,Mono,Mono
GGGTCTGAGAGCAATT-2,pDC,DC,pDC,pDC,DC,DC
GACTAACAGCTGATAA-6,CD14,Mono,CD14,CD14,Mono,Mono
GGAGCAACACGTAAGG-3,NK3,NK,NK3,NK3,NK,NK
GAAGCAGTCGTTTAGG-4,CD4 Naive,T,CD4 Tcm,CD4 Tcm,T,T
CACATAGAGTGTTTGC-1,CD4 Tem,T,CD4 Naive,CD4 Naive,T,T
ACCCACTAGTGCCATT-4,CD8 Naive,T,CD4 Tem,CD4 Tem,T,T
TGACAACTCGCGTTTC-4,NK2,NK,NK2,NK2,NK,NK
CTCGGGAGTCTTCAAG-3,CD8 CTL,T,CD4+CD8+,CD4+CD8+,T,T
TCTTTCCTCACTCTTA-3,CD8 Tem,T,CD4 Tem,CD4 Tem,T,T
AACGTTGAGCGCTCCA-7,Naive BC,B,Naive,Naive,B,B
CAGCTGGCACGTAAGG-6,Memory BC,B,Memory,Memory,B,B
TCAGGATGTAGCGTGA-1,CD16,Mono,CD16,CD16,Mono,Mono
TGCCCATGTTACGCGC-2,MEG,Other,cDC2,cDC2,DC,DC
ACACCAAAGCTAGGCA-7,cDC,DC,cDC2,cDC2,DC,DC
GCCTCTAGTCTGGAGA-5,CD4 Tcm,T,CD4 Naive,CD4 Naive,T,T
GCAATCATCTTCAACT-2,CD4-CD8,T,CD4-CD8-,CD4-CD8-,T,T
CTCATTATCGAGCCCA-1,CD4+CD8,T,CD4+CD8+,CD4+CD8+,T,T
TCTGAGATCGAACGGA-2,T-mito,T,T-mito,T-mito,T,T
TTTCCTCTCTTGCAAG-4,NK1,NK,NK1,NK1,NK,NK
CATTATCCACTGAAGG-6,ASC,B,ASC,ASC,B,B
TAAGAGACAGGTGCCT-2,RBC,Other,T-mito,T-mito,T,T
GCACATACATATGAGA-2,pDC,DC,pDC,pDC,DC,DC
CTGTTTAAGAGTGACC-4,CD14,Mono,CD14,CD14,Mono,Mono
ACGCAGCAGACTAAGT-1,NK3,NK,NK3,NK3,NK,NK
CGGACGTTCATTATCC-3,CD4 Naive,T,CD4 Naive,CD4 Naive,T,T
TACGGTAGTCAACTGT-2,CD4 Tem,T,CD4 Tem,CD4 Tem,T,T
CAGCTAACATCCGTGG-5,CD8 Naive,T,CD8 Naive,CD8 Naive,T,T
GGGACCTTCTGTCTAT-8,NK2,NK,NK2,NK2,NK,NK
CCTATTATCACATACG-8,CD8 CTL,T,CD8 CTL,CD8 CTL,T,T
AGGCCGTCAATGGAAT-1,CD8 Tem,T,CD8 CTL,CD8 CTL,T,T
CAAGTTGGTTGGAGGT-1,Naive BC,B,Naive,Naive,B,B
AGTGTCAAGTGCGTGA-2,Memory BC,B,Naive,Naive,B,B
CTGATCCGTAAGTGTA-2,CD16,Mono,CD16,CD16,Mono,Mono
GTGCAGCAGGGCATGT-4,MEG,Other,T-mito,T-mito,T,T
GAGTCCGAGAGTACCG-4,cDC,DC,cDC2,cDC2,DC,DC
GACGCGTCACCTTGTC-5,CD4 Tcm,T,CD4 Naive,CD4 Tcm,T,T
ATGCGATGTATGGTTC-1,CD4-CD8,T,CD4-CD8-,CD4-CD8-,T,T
CCTTCGATCCCAGGTG-3,CD4+CD8,T,CD4+CD8+,CD4+CD8+,T,T
CACATAGTCCAGGGCT-1,T-mito,T,CD4 Tex,CD4 Tex,T,T
GTTAAGCCATGTAGTC-1,NK1,NK,NK1,NK1,NK,NK
CTCTGGTTCACATGCA-5,ASC,B,ASC,ASC,B,B
CATCAGATCAGCCTAA-2,RBC,Other,CD14,CD14,Mono,Mono
AAATGCCGTTGTTTGG-1,pDC,DC,pDC,pDC,DC,DC
CCAATCCTCTGCGACG-4,CD14,Mono,CD14,CD14,Mono,Mono
CGTGTAATCGAATGCT-1,NK3,NK,NK2,NK2,NK,NK
TTGCCGTGTGCAGTAG-2,CD4 Naive,T,CD4 Naive,CD4 Naive,T,T
ATCATCTAGTTACGGG-4,CD4 Tem,T,CD4 Tem,CD4 Tem,T,T
AAGACCTAGGCATGGT-5,CD8 Naive,T,CD8 Naive,CD8 Naive,T,T
GTCGTAACAGGCAGTA-4,NK2,NK,NK2,NK2,NK,NK
TATCTCACACAGCCCA-2,CD8 CTL,T,CD8 CTL,CD8 CTL,T,T
CTCGAGGCATCTGGTA-1,CD8 Tem,T,CD8 Tex,CD8 Tex,T,T
CTTCTCTTCGCCTGTT-3,Naive BC,B,Naive,Naive,B,B
GTTCATTAGTCATGCT-2,Memory BC,B,ABC,ABC,B,B
GGCGTGTGTAGAAAGG-7,CD16,Mono,CD16,CD16,Mono,Mono
GATTCAGCAAAGTCAA-3,MEG,Other,CD4 Tem,CD4 Tem,T,T
TTTGTCAAGGATGCGT-8,cDC,DC,cDC2,cDC2,DC,DC
AACACGTGTAGCCTAT-2,CD4 Tcm,T,CD4 Naive,CD4 Naive,T,T
GAACCTACATCACGTA-1,CD4-CD8,T,CD4-CD8-,CD4-CD8-,T,T
CGCCAAGGTTGTACAC-7,CD4+CD8,T,CD8 CTL,CD8 CTL,T,T
CCATTCGCACACATGT-4,T-mito,T,T-mito,T-mito,T,T
CCTACCAAGAGACTAT-1,NK1,NK,NK2,NK2,NK,NK
CGGAGCTCACGAAATA-4,ASC,B,ASC,ASC,B,B
GGTGCGTCATCGACGC-1,RBC,Other,CD4 Tcm,CD4 Tcm,T,T
GGGTTGCAGAACAATC-7,pDC,DC,pDC,pDC,DC,DC
CAGCATACACGGTGTC-7,CD14,Mono,CD14,CD14,Mono,Mono
GGCTGGTGTTCGCTAA-5,NK3,NK,NK2,NK2,NK,NK
TCACGAATCCTCGCAT-8,CD4 Naive,T,CD4 Naive,CD4 Naive,T,T
TTGACTTGTTTGTTGG-3,CD4 Tem,T,CD4 Tem,CD4 Tem,T,T
GAAGCAGCACGCATCG-2,CD8 Naive,T,CD8 Naive,CD8 Naive,T,T
CATCAGATCTTTCCTC-2,NK2,NK,NK3,NK3,NK,NK
AGATTGCCAGGGCATA-4,CD8 CTL,T,CD8 CTL,CD8 CTL,T,T
TCTATTGAGACTACAA-2,CD8 Tem,T,CD8 Tem,CD8 Tem,T,T
ACTATCTAGCCAGAAC-8,Naive BC,B,Naive,Naive,B,B
AGCTCCTAGGATGGTC-6,Memory BC,B,Memory,Memory,B,B
TTGACTTCATCCTAGA-8,CD16,Mono,CD16,CD16,Mono,Mono
GCCTCTACAAATTGCC-1,MEG,Other,CD14,CD14,Mono,Mono
CCTAAAGCAACTGCGC-1,cDC,DC,cDC2,cDC2,DC,DC
CAACCAAAGGGTGTGT-5,CD4 Tcm,T,CD4 Naive,CD4 Naive,T,T
TCGGGACTCTGTTTGT-1,CD4-CD8,T,CD4-CD8-,CD4-CD8-,T,T
GGACAAGAGTCTCGGC-5,CD4+CD8,T,CD4+CD8+,CD4+CD8+,T,T
GCTCCTAAGAGTACCG-4,T-mito,T,T-mito,T-mito,T,T
GTGAAGGGTCTAGTCA-4,NK1,NK,NK1,NK1,NK,NK
GTCCTCAGTAGCGTCC-5,ASC,B,ASC,ASC,B,B
CGATTGAAGTCGCCGT-2,RBC,Other,Naive,Naive,B,B
GAAATGATCAGAGACG-4,pDC,DC,pDC,pDC,DC,DC
CAGTAACTCCACGCAG-7,CD14,Mono,CD14,CD14,Mono,Mono
CGAGCACGTAAACCTC-3,NK3,NK,NK2,NK2,NK,NK
TCGCGAGGTAAACCTC-6,CD4 Naive,T,CD4 Tcm,CD4 Tcm,T,T
TGATTTCGTATATGGA-3,CD4 Tem,T,CD4 Tem,CD4 Tem,T,T
CCTACACGTTGTTTGG-5,CD8 Naive,T,CD8 Naive,CD8 Naive,T,T
AGGGTGATCGCACTCT-4,NK2,NK,NK2,NK2,NK,NK
CTCACACTCCCTTGTG-1,CD8 CTL,T,CD4 Tex,CD4 Tex,T,T
CCCATACTCATACGGT-5,CD8 Tem,T,CD8 Tem,CD8 Tem,T,T
GGATGTTCACGCCAGT-2,Naive BC,B,Naive,Naive,B,B
TAAACCGAGATACACA-6,Memory BC,B,Naive,Naive,B,B
CCCAATCAGCGTAGTG-7,CD16,Mono,CD16,CD16,Mono,Mono
GCAAACTGTCTTGCGG-3,MEG,Other,NK3,NK3,NK,NK
TACTCATTCGGTCTAA-4,cDC,DC,cDC2,cDC2,DC,DC
GGGTTGCGTCTGCAAT-5,CD4 Tcm,T,CD4 Naive,CD4 Naive,T,T
AGCTCCTCAACGATCT-1,CD4-CD8,T,CD4-CD8-,CD4-CD8-,T,T
TTCTACACAGATCCAT-1,CD4+CD8,T,NK3,NK3,NK,NK
CGTCTACGTAATCACC-7,T-mito,T,T-mito,T-mito,T,T
ACGCAGCCAGCTGTTA-2,NK1,NK,NK1,NK1,NK,NK
GGGAGATAGCCCAACC-3,ASC,B,ASC,ASC,B,B
CTGTGCTGTCTAGTGT-1,RBC,Other,Naive,Naive,B,B
TTGTAGGTCAGTCAGT-4,pDC,DC,pDC,pDC,DC,DC
GTTACAGGTGACTACT-3,CD14,Mono,CD14,CD14,Mono,Mono
GATTCAGAGACTTTCG-1,NK3,NK,NK3,NK3,NK,NK
CTGATAGCAGCATGAG-2,CD4 Naive,T,CD4 Naive,CD4 Naive,T,T
CGATGTACAGGTCCAC-6,CD4 Tem,T,CD4 Tem,CD4 Tem,T,T
TATGCCCAGCTAGGCA-1,CD8 Naive,T,CD4 Naive,CD4 Naive,T,T
TTGAACGGTTATGTGC-3,NK2,NK,NK2,NK2,NK,NK
GGGAGATGTGAGGGTT-4,CD8 CTL,T,CD8 CTL,CD8 CTL,T,T
AGGTCATGTCCTAGCG-1,CD8 Tem,T,CD4+CD8+,CD4+CD8+,T,T
GCTGCAGGTACCATCA-2,Naive BC,B,Naive,Naive,B,B
CGGACACCATTCGACA-3,Memory BC,B,Memory,Memory,B,B
GAATAAGTCCAAACAC-8,CD16,Mono,CD16,CD16,Mono,Mono
ATGCGATTCAGATAAG-4,MEG,Other,CD14,CD14,Mono,Mono
ACACTGAAGGCCCTCA-7,cDC,DC,cDC2,cDC2,DC,DC
ACCTTTAGTGTGACGA-4,CD4 Tcm,T,CD8 Naive,CD8 Naive,T,T
CTTGGCTGTCCTAGCG-5,CD4-CD8,T,CD4-CD8-,CD4-CD8-,T,T
ACACCGGTCATTTGGG-4,CD4+CD8,T,CD4+CD8+,CD4+CD8+,T,T
ACACCAATCTGCCAGG-7,T-mito,T,T-mito,T-mito,T,T
TGTGTTTCATACGCCG-2,NK1,NK,NK2,NK2,NK,NK
AGCGTATAGAAGGCCT-1,ASC,B,ASC,ASC,B,B
TTCCCAGGTTTGGGCC-2,RBC,Other,CD14,CD14,Mono,Mono
TAGAGCTAGGTGCTAG-7,pDC,DC,pDC,pDC,DC,DC
TTCTACAGTCTTGCGG-6,CD14,Mono,CD14,CD14,Mono,Mono
AACGTTGTCGCACTCT-5,NK3,NK,NK2,NK2,NK,NK
CCTACACGTGCCTGGT-6,CD4 Naive,T,CD4 Naive,CD4 Naive,T,T
TACTTACAGAGGTTGC-4,CD4 Tem,T,CD4 Tem,CD4 Tem,T,T
GAATAAGTCTACTATC-6,CD8 Naive,T,CD4 Naive,CD4 Naive,T,T
CAACCTCCAGGCGATA-4,NK2,NK,NK2,NK2,NK,NK
TGAAAGAGTACAAGTA-8,CD8 CTL,T,CD8 CTL,CD8 CTL,T,T
ACATGGTAGTATGACA-3,CD8 Tem,T,CD4-CD8-,CD4-CD8-,T,T
CCCTCCTTCCTCATTA-4,Naive BC,B,Naive,Naive,B,B
TTTGGTTAGCCGGTAA-2,Memory BC,B,Memory,Naive,B,B
TTTCCTCAGAAGGTTT-7,CD16,Mono,Intermed,Intermed,Other,Other
TGACTAGTCTGTACGA-3,MEG,Other,CD4 Treg,CD4 Treg,T,T
ACGGAGAAGAAGGTGA-3,cDC,DC,CD14,CD14,Mono,Mono
GGAACTTGTAAATGTG-5,CD4 Tcm,T,CD4 Naive,CD4 Naive,T,T
CAAGTTGAGTAGTGCG-2,CD4-CD8,T,CD4-CD8-,CD4-CD8-,T,T
GAGTCCGTCTCGCATC-1,CD4+CD8,T,CD4+CD8+,CD4+CD8+,T,T
TCGCGAGCAAAGCAAT-2,T-mito,T,CD4 Tem,CD4 Tem,T,T
ATTCTACAGAATCTCC-4,NK1,NK,NK1,NK1,NK,NK
GAAGCAGAGAAGGTGA-2,ASC,B,ASC,ASC,B,B
CGGCTAGCAGGAATGC-8,RBC,Other,CD14,Naive,Mono,B
AGCATACGTAGGGACT-4,pDC,DC,pDC,pDC,DC,DC
TTCTTAGAGACTGGGT-6,CD14,Mono,CD14,CD14,Mono,Mono
TAAGAGACAAAGTGCG-7,NK3,NK,NK3,NK3,NK,NK
GATCGCGCACGGTAAG-4,CD4 Naive,T,CD4 Tcm,CD4 Tcm,T,T
TGGTTAGTCCGCATCT-3,CD4 Tem,T,CD8 Tem,CD8 Tem,T,T
CGGGTCAAGAGCCTAG-2,CD8 Naive,T,CD4 Naive,CD4 Naive,T,T
CATGGCGTCTTCAACT-1,NK2,NK,NK2,NK2,NK,NK
CCGTACTGTAGCGTAG-2,CD8 CTL,T,CD4 Tex,CD4 Tex,T,T
TGGCCAGGTCTGCCAG-1,CD8 Tem,T,CD8 Tem,CD8 Tem,T,T
CGTCCATCAATCGAAA-6,Naive BC,B,Naive,Naive,B,B
AATCCAGTCTAGAGTC-6,Memory BC,B,Memory,Memory,B,B
CGACTTCGTGACGCCT-7,CD16,Mono,CD16,CD16,Mono,Mono
CTAGTGAAGAAGGGTA-4,MEG,Other,CD14,CD14,Mono,Mono
GGCGTGTGTTATGTGC-2,cDC,DC,cDC2,cDC2,DC,DC
ACTATCTGTAGGCTGA-5,CD4 Tcm,T,CD4 Naive,CD4 Naive,T,T
CACCAGGGTACTCGCG-1,CD4-CD8,T,CD8 CTL,CD8 CTL,T,T
GAATGAAGTTCGGGCT-1,CD4+CD8,T,CD4+CD8+,CD4+CD8+,T,T
CCACTACCATCCGCGA-3,T-mito,T,NK3,NK3,NK,NK
ACTGATGTCAGGTAAA-2,NK1,NK,NK1,NK1,NK,NK
CATCGAAAGTTAGGTA-4,ASC,B,ASC,ASC,B,B
ACGAGCCAGTATGACA-2,RBC,Other,CD14,CD14,Mono,Mono
CTCTAATGTCAGGACA-4,pDC,DC,pDC,pDC,DC,DC
CTTCTCTGTAGCGTCC-7,CD14,Mono,CD14,CD14,Mono,Mono
CCTAAAGTCTAACTCT-8,NK3,NK,NK3,NK3,NK,NK
CAAGTTGCAGGGAGAG-6,CD4 Naive,T,CD4 Naive,CD4 Naive,T,T
GAATGAAAGAGTAATC-7,CD4 Tem,T,CD4 Tem,CD4 Tem,T,T
TAGTGGTTCTTGACGA-4,CD8 Naive,T,CD8 Naive,CD8 Naive,T,T
GGGCATCTCGCCCTTA-3,NK2,NK,NK2,NK2,NK,NK
GTACTTTTCTTAGAGC-4,CD8 CTL,T,CD8 CTL,CD8 CTL,T,T
CGGGTCACATCCAACA-8,CD8 Tem,T,CD8 CTL,CD8 CTL,T,T
CGAGCACGTACATCCA-8,Naive BC,B,Naive,Naive,B,B
CGTCACTTCATGCAAC-4,Memory BC,B,Naive,Naive,B,B
ACTGAGTGTCTAGTCA-2,CD16,Mono,CD16,CD16,Mono,Mono
CAGCTGGAGGTACTCT-1,MEG,Other,CD4 Treg,CD4 Treg,T,T
TTAGTTCGTTCCACGG-4,cDC,DC,cDC2,cDC2,DC,DC
CACTCCACATCCGGGT-5,CD4 Tcm,T,CD4 Naive,CD4 Naive,T,T
CGGAGCTTCATCGGAT-2,CD4-CD8,T,CD4-CD8-,CD4-CD8-,T,T
ACATACGCACCCATTC-5,CD4+CD8,T,CD4+CD8+,CD4+CD8+,T,T
GATGAGGTCAGCGACC-4,T-mito,T,T-mito,T-mito,T,T
TCAATCTCACGTAAGG-4,NK1,NK,NK2,NK2,NK,NK
CTTGGCTCACAGAGGT-4,ASC,B,ASC,ASC,B,B
TCACAAGCAACAACCT-1,RBC,Other,CD16,CD16,Mono,Mono
AGGCCGTAGTGAAGTT-3,pDC,DC,pDC,pDC,DC,DC
GGAACTTAGCCGCCTA-4,CD14,Mono,CD14,CD14,Mono,Mono
GACGTGCCAAGCTGAG-3,NK3,NK,NK2,NK2,NK,NK
CGCGGTACATCGGGTC-4,CD4 Naive,T,CD4 Tem,CD4 Tem,T,T
GGCTGGTTCCAACCAA-4,CD4 Tem,T,CD4 Tem,CD4 Tem,T,T
GGGAGATAGACTAGAT-4,CD8 Naive,T,CD4 Naive,CD4 Naive,T,T
TTTACTGCATGGGACA-4,NK2,NK,NK2,NK2,NK,NK
CAGCTGGAGACACTAA-4,CD8 CTL,T,CD4 Tex,CD4 Tex,T,T
GAGCAGAGTCCCGACA-8,CD8 Tem,T,CD8 CTL,CD8 CTL,T,T
CCGTGGAAGGATGTAT-1,Naive BC,B,Naive,Naive,B,B
GTCGTAATCACGAAGG-2,Memory BC,B,NK2,NK2,NK,NK
CTCGGGAAGCGAAGGG-2,CD16,Mono,CD16,CD16,Mono,Mono
GTAGGCCTCGACAGCC-3,MEG,Other,NK3,NK3,NK,NK
TGCGTGGAGATGTCGG-7,cDC,DC,cDC2,cDC2,DC,DC
TCCACACCATGGTAGG-1,CD4 Tcm,T,T-mito,T-mito,T,T
CATTCGCGTGTTCGAT-8,CD4-CD8,T,CD4-CD8-,CD4-CD8-,T,T
AGCATACAGTGTCCAT-4,CD4+CD8,T,CD4+CD8+,CD4+CD8+,T,T
CACAGGCCAATGACCT-1,T-mito,T,T-mito,T-mito,T,T
CGTGAGCGTATAGGTA-3,NK1,NK,NK2,NK2,NK,NK
CACACCTCAAGCTGAG-5,ASC,B,ASC,ASC,B,B
CGTCACTGTCCTAGCG-2,RBC,Other,CD14,CD14,Mono,Mono
GCTGCGAAGACTGGGT-4,pDC,DC,pDC,pDC,DC,DC
CCATGTCAGCACCGTC-8,CD14,Mono,CD14,cDC2,Mono,DC
TGCGCAGAGTCAATAG-5,NK3,NK,NK3,NK3,NK,NK
AGACGTTGTCAAAGAT-8,CD4 Naive,T,CD4 Tem,CD4 Tem,T,T
TCAACGATCGTACGGC-1,CD4 Tem,T,CD4 Tem,CD4 Tem,T,T
CGGTTAACATGCAACT-4,CD8 Naive,T,CD4 Tem,CD4 Tem,T,T
CTCGAAAAGACATAAC-3,NK2,NK,NK3,NK3,NK,NK
CTGATCCAGCGAAGGG-7,CD8 CTL,T,CD4+CD8+,CD4+CD8+,T,T
CACCAGGTCCAGATCA-2,CD8 Tem,T,CD8 Tex,CD8 Tex,T,T
GAAACTCAGGTGACCA-2,Naive BC,B,Naive,Naive,B,B
CTTAGGATCAGCGATT-3,Memory BC,B,Memory,Memory,B,B
AACTCTTTCTCACATT-7,CD16,Mono,CD16,CD16,Mono,Mono
AACCATGCATCGACGC-4,MEG,Other,CD14,CD14,Mono,Mono
CTAGAGTTCAGTGTTG-4,cDC,DC,cDC2,cDC2,DC,DC
TAAGCGTGTGTGTGCC-5,CD4 Tcm,T,CD4 Tcm,CD4 Tcm,T,T
CGGTTAATCAGTCCCT-8,CD4-CD8,T,CD8 CTL,NK3,T,NK
CGTAGCGAGGATCGCA-5,CD4+CD8,T,CD4+CD8+,CD4+CD8+,T,T
CTACCCAGTGCGATAG-2,T-mito,T,T-mito,T-mito,T,T
CGAATGTCACTGAAGG-1,NK1,NK,NK1,NK1,NK,NK
GGGAATGAGCCCAACC-5,ASC,B,ASC,ASC,B,B
AGCAGCCAGCGATGAC-1,RBC,Other,CD4 Tex,CD4 Tex,T,T
TGACAACAGAGCTTCT-1,pDC,DC,pDC,pDC,DC,DC
TTGACTTGTTGGACCC-4,CD14,Mono,CD14,CD14,Mono,Mono
TGGCTGGCATAGGATA-1,NK3,NK,NK2,NK2,NK,NK
TGCCCATTCCGCATAA-1,CD4 Naive,T,CD8 Naive,CD8 Naive,T,T
TGACAACTCCATGCTC-3,CD4 Tem,T,CD4 Tem,CD4 Tem,T,T
GGGAGATCAAGGTGTG-1,CD8 Naive,T,CD8 Naive,CD8 Naive,T,T
CACAGTACACACCGAC-1,NK2,NK,CD8 CTL,CD8 CTL,T,T
GCTTGAATCCGTCAAA-4,CD8 CTL,T,CD4 Tex,CD4 Tex,T,T
GGTGTTACAAAGCAAT-1,CD8 Tem,T,CD8 Tem,CD8 Tem,T,T
CGTAGCGAGAGCTTCT-1,Naive BC,B,Naive,Naive,B,B
ACGAGGAAGCCGCCTA-8,Memory BC,B,Memory,Memory,B,B
GGCCGATTCCAGAAGG-7,CD16,Mono,CD16,CD16,Mono,Mono
GCTGCTTAGCGCTCCA-1,MEG,Other,NK2,NK2,NK,NK
CGAGCACGTGAGTATA-1,cDC,DC,cDC2,cDC2,DC,DC
GACTGCGGTAGAGCTG-5,CD4 Tcm,T,CD4 Tem,CD4 Tem,T,T
ATGAGGGGTCGCTTTC-1,CD4-CD8,T,NK3,NK3,NK,NK
CATATGGCAGATGGGT-2,CD4+CD8,T,CD4+CD8+,CD4+CD8+,T,T
GTGCGGTCAGCGATCC-6,T-mito,T,T-mito,T-mito,T,T
CACTCCAGTGTGGCTC-4,NK1,NK,NK2,NK2,NK,NK
TCGGTAAAGGACAGCT-5,ASC,B,ASC,ASC,B,B
GCGGGTTTCAAACAAG-2,RBC,Other,pDC,pDC,DC,DC
CGACCTTCACATTAGC-5,pDC,DC,pDC,pDC,DC,DC
GTGCGGTCATTGGTAC-7,CD14,Mono,CD14,CD14,Mono,Mono
CACCTTGTCGAGGTAG-7,NK3,NK,CD8 CTL,CD8 CTL,T,T
GACGCGTTCGTCCAGG-1,CD4 Naive,T,CD4 Naive,CD4 Naive,T,T
CGTGAGCCAGGATTGG-5,CD4 Tem,T,CD4 Treg,CD4 Treg,T,T
GACCAATCAGGACGTA-5,CD8 Naive,T,CD4 Naive,CD4 Naive,T,T
ACATGGTTCGGAAACG-3,NK2,NK,NK2,NK2,NK,NK
AGCTTGAAGTTAGCGG-3,CD8 CTL,T,CD8 CTL,CD8 CTL,T,T
AACTGGTTCTAGAGTC-3,CD8 Tem,T,CD8 Tex,CD8 Tex,T,T
ACTTACTTCGCGTTTC-7,Naive BC,B,Naive,Naive,B,B
CGCCAAGTCAGAGGTG-2,Memory BC,B,Memory,Memory,B,B
ATTGGTGCAGGGTTAG-3,CD16,Mono,CD16,CD16,Mono,Mono
AGCTCTCAGTCCGGTC-5,MEG,Other,CD14,CD14,Mono,Mono
GAATGAAAGCGGCTTC-4,cDC,DC,cDC2,cDC2,DC,DC
TGCCCATAGCTGCAAG-7,CD4 Tcm,T,CD4 Treg,CD4 Treg,T,T
CTGATAGTCCTATGTT-8,CD4-CD8,T,CD4-CD8-,CD4-CD8-,T,T
CGATCGGTCGTGGACC-4,CD4+CD8,T,CD4+CD8+,CD4+CD8+,T,T
CAAGATCCAAGGACTG-2,T-mito,T,NK2,NK2,NK,NK
AAACGGGCACGTGAGA-3,NK1,NK,NK1,NK1,NK,NK
AGACGTTGTAGCGATG-5,ASC,B,ASC,ASC,B,B
CACCTTGGTGCAACGA-1,RBC,Other,CD4 Tcm,CD4 Tcm,T,T
AAACGGGCACGAGAGT-2,pDC,DC,pDC,pDC,DC,DC
TCCCGATGTAAATGAC-7,CD14,Mono,CD14,CD14,Mono,Mono
ACACCAATCTTCCTTC-7,NK3,NK,NK3,NK3,NK,NK
TCGAGGCTCGCATGGC-8,CD4 Naive,T,CD4 Tem,CD4 Tem,T,T
AACACGTAGCCACCTG-1,CD4 Tem,T,CD4 Tem,CD4 Tem,T,T
TACTCATGTAGCGCAA-5,CD8 Naive,T,CD4 Naive,CD4 Naive,T,T
CGACTTCGTCGTGGCT-4,NK2,NK,NK2,NK2,NK,NK
CGTCACTAGATCGGGT-7,CD8 CTL,T,CD4 Tex,CD4 Tex,T,T
GGGATGACACTGCCAG-3,CD8 Tem,T,CD4 Tem,CD4 Tem,T,T
CCTTCGATCCCTCAGT-8,Naive BC,B,Naive,Naive,B,B
GGGTTGCCATGCCTAA-1,Memory BC,B,Memory,Memory,B,B
TTCTCCTCAAGCCTAT-1,CD16,Mono,CD16,CD16,Mono,Mono
GTCAAGTGTATAGTAG-2,MEG,Other,CD14,CD14,Mono,Mono
GTAACTGAGATGCGAC-4,cDC,DC,cDC2,Intermed,DC,Other
ACATCAGAGGTGTTAA-5,CD4 Tcm,T,CD8 Naive,CD8 Naive,T,T
ACACCGGAGCATCATC-2,CD4-CD8,T,CD4-CD8-,CD4-CD8-,T,T
CAGCTAAGTCTAGCCG-2,CD4+CD8,T,CD4+CD8+,CD4+CD8+,T,T
CGCTTCAAGGCTACGA-4,T-mito,T,T-mito,T-mito,T,T
GACCAATCAGAGCCAA-2,NK1,NK,NK2,NK2,NK,NK
CCATTCGAGCCGATTT-7,ASC,B,ASC,ASC,B,B
AAACGGGTCTCTTATG-8,RBC,Other,Naive,Naive,B,B
GTGTGCGCATGGTCAT-4,pDC,DC,pDC,pDC,DC,DC
GTACGTATCAAGATCC-5,CD14,Mono,CD14,CD14,Mono,Mono
TAAGCGTAGGTCATCT-3,NK3,NK,NK2,NK2,NK,NK
TTCTCCTTCGGACAAG-1,CD4 Naive,T,CD4 Naive,CD4 Naive,T,T
TCAGGTACAAATACAG-2,CD4 Tem,T,CD4 Tem,CD4 Tem,T,T
ATCGAGTGTCCAGTGC-4,CD8 Naive,T,CD4 Tem,CD4 Tem,T,T
TGAGCCGGTACTTGAC-8,NK2,NK,NK2,NK2,NK,NK
CGGCTAGAGGTGCACA-4,CD8 CTL,T,CD8 CTL,CD8 CTL,T,T
TAAGAGAGTATTACCG-4,CD8 Tem,T,CD8 Tex,CD8 Tex,T,T
AAGGCAGAGAGCTGCA-2,Naive BC,B,Naive,Naive,B,B
GCAAACTCAACGATCT-6,Memory BC,B,Memory,Memory,B,B
CTGCCTAGTGTGCCTG-7,CD16,Mono,CD16,CD16,Mono,Mono
CTAACTTAGTACGTAA-4,MEG,Other,CD14,CD14,Mono,Mono
CAGAATCGTGACCAAG-1,cDC,DC,cDC2,cDC2,DC,DC
CACTCCAAGATCCTGT-3,CD4 Tcm,T,CD4 Naive,CD4 Naive,T,T
CCTACCAGTCGTTGTA-2,CD4-CD8,T,CD4-CD8-,CD4-CD8-,T,T
GATGAGGTCCTCGCAT-1,CD4+CD8,T,CD4-CD8-,CD4-CD8-,T,T
AGTGAGGAGGCCGAAT-6,T-mito,T,T-mito,T-mito,T,T
AACTCAGAGATCGGGT-4,NK1,NK,NK2,NK2,NK,NK
CGGAGCTAGCCTCGTG-1,ASC,B,ASC,ASC,B,B
TACACGACATCGTCGG-1,RBC,Other,T-mito,T-mito,T,T
AGTGGGAGTGGAAAGA-2,pDC,DC,pDC,pDC,DC,DC
GAGTCCGTCTTGCATT-3,CD14,Mono,CD14,CD14,Mono,Mono
CGATGTATCAGGCAAG-4,NK3,NK,NK3,NK3,NK,NK
CTCTACGAGATGTTAG-2,CD4 Naive,T,CD4 Naive,CD4 Naive,T,T
CGGACACCATTGGGCC-3,CD4 Tem,T,CD4 Treg,CD4 Treg,T,T
GGGCACTGTTGGTAAA-5,CD8 Naive,T,CD4 Naive,CD4 Naive,T,T
CAAGGCCTCCTTGGTC-8,NK2,NK,NK2,NK2,NK,NK
GGGACCTCAGTTCATG-2,CD8 CTL,T,CD8 CTL,CD8 CTL,T,T
CGCCAAGAGCCAGAAC-3,CD8 Tem,T,CD8 Tex,CD8 Tex,T,T
CTTCTCTAGAAGGCCT-4,Naive BC,B,Naive,Naive,B,B
GACACGCAGCTAACAA-6,Memory BC,B,Memory,Memory,B,B
GGCAATTAGTGATCGG-7,CD16,Mono,CD16,CD16,Mono,Mono
CTTTGCGAGTGAAGTT-3,MEG,Other,CD14,CD14,Mono,Mono
GTCACGGGTTAAAGTG-1,cDC,DC,cDC2,cDC2,DC,DC
CGATGTAAGTGACATA-5,CD4 Tcm,T,CD4 Naive,CD4 Naive,T,T
GACCTGGGTAAACGCG-1,CD4-CD8,T,CD4-CD8-,CD4-CD8-,T,T
ACGATGTGTTCTCATT-4,CD4+CD8,T,NK2,NK2,NK,NK
CGTTAGAGTGTGTGCC-7,T-mito,T,T-mito,T-mito,T,T
CCACTACCACCAGCAC-2,NK1,NK,NK1,NK1,NK,NK
TGCGTGGAGAAGGTGA-5,ASC,B,ASC,ASC,B,B
GGCCGATGTTTGTGTG-8,RBC,Other,CD4-CD8-,CD4-CD8-,T,T
CCTTCGACATTACCTT-1,pDC,DC,pDC,pDC,DC,DC
ACGAGCCAGGGATACC-3,CD14,Mono,CD14,CD14,Mono,Mono
CCTAAAGGTCTCAACA-1,NK3,NK,NK3,NK3,NK,NK
GTCGTAAGTTCCCTTG-6,CD4 Naive,T,CD4 Naive,CD4 Naive,T,T
CGCCAAGAGCTGCCCA-4,CD4 Tem,T,CD4 Tem,CD4 Tem,T,T
ACAGCTAAGTCTCAAC-6,CD8 Naive,T,CD8 Naive,CD8 Naive,T,T
TAAACCGAGAATCTCC-1,NK2,NK,NK2,NK2,NK,NK
AACACGTAGCGATGAC-1,CD8 CTL,T,CD8 CTL,CD8 CTL,T,T
TTTGGTTAGGTCATCT-8,CD8 Tem,T,CD8 Tem,CD8 Tem,T,T
GACGGCTAGAATGTTG-3,Naive BC,B,Naive,Naive,B,B
AGAGCGAGTGTTGGGA-8,Memory BC,B,Memory,Memory,B,B
TACTCGCGTTTGTTGG-7,CD16,Mono,CD16,CD16,Mono,Mono
TACGGATCAAGCGTAG-7,MEG,Other,CD14,CD14,Mono,Mono
TGTGTTTTCCGAATGT-4,cDC,DC,CD14,CD14,Mono,Mono
CTGAAACTCTAACTCT-5,CD4 Tcm,T,CD4 Naive,CD4 Naive,T,T
AGGGATGTCAGTCCCT-2,CD4-CD8,T,CD4-CD8-,CD4-CD8-,T,T
CGTTGGGTCCGAACGC-3,CD4+CD8,T,NK2,NK2,NK,NK
GTGCTTCGTGCGATAG-4,T-mito,T,T-mito,T-mito,T,T
CATCCACTCTTTAGTC-3,NK1,NK,NK1,NK1,NK,NK
GGGCACTTCACGGTTA-5,ASC,B,ASC,ASC,B,B
GTAGGCCAGAGCTGGT-2,RBC,Other,CD4 Tex,CD4 Tex,T,T
CGGGTCAAGGGCTTGA-2,pDC,DC,pDC,pDC,DC,DC
AGAGCTTAGGCCCTCA-6,CD14,Mono,CD14,CD14,Mono,Mono
ATTATCCTCACCTTAT-5,NK3,NK,NK2,NK2,NK,NK
GTATCTTAGACAAGCC-4,CD4 Naive,T,CD4 Naive,CD4 Naive,T,T
ATGGGAGGTGTCCTCT-8,CD4 Tem,T,CD4 Tem,CD4 Tem,T,T
GCATGATTCTTGACGA-4,CD8 Naive,T,CD8 Naive,CD8 Naive,T,T
ATGTGTGAGAGGTTAT-8,NK2,NK,NK2,NK2,NK,NK
CGAGCACAGAGGTTAT-4,CD8 CTL,T,CD8 CTL,CD8 CTL,T,T
CAACTAGAGGAGTAGA-8,CD8 Tem,T,CD8 CTL,CD8 CTL,T,T
AGATCTGGTTGGTTTG-6,Naive BC,B,Naive,Naive,B,B
ATTATCCGTCATTAGC-2,Memory BC,B,Memory,Memory,B,B
TCGTACCCAAGCCCAC-3,CD16,Mono,CD16,CD16,Mono,Mono
TAGTGGTAGCCAGTAG-3,MEG,Other,T-mito,T-mito,T,T
ACATGGTCACCGAATT-2,cDC,DC,cDC2,cDC2,DC,DC
CGGCTAGAGCAGGCTA-2,CD4 Tcm,T,T-mito,T-mito,T,T
CCCAGTTTCACCGGGT-1,CD4-CD8,T,CD4-CD8-,CD4-CD8-,T,T
TCTTTCCAGACTGTAA-2,CD4+CD8,T,CD4+CD8+,CD4+CD8+,T,T
CGCCAAGTCGCCATAA-7,T-mito,T,T-mito,T-mito,T,T
CCTATTAAGCGTGTCC-4,NK1,NK,NK1,NK1,NK,NK
TGACGGCAGAGCTGGT-5,ASC,B,ASC,ASC,B,B
GCGCAGTTCCTTTCTC-2,RBC,Other,CD14,CD14,Mono,Mono
TCAGATGGTTTGTTTC-7,pDC,DC,pDC,pDC,DC,DC
TTTGTCAAGGATGGAA-4,CD14,Mono,CD14,CD14,Mono,Mono
GGGCACTGTAGTACCT-5,NK3,NK,NK2,NK2,NK,NK
CACACAAGTGATAAGT-4,CD4 Naive,T,CD4 Naive,CD4 Naive,T,T
TAGTTGGTCATCTGCC-4,CD4 Tem,T,CD4 Tem,CD4 Tem,T,T
GACGGCTTCAGAGGTG-2,CD8 Naive,T,CD4 Naive,CD4 Naive,T,T
CTTACCGCATTTCAGG-1,NK2,NK,NK2,NK2,NK,NK
GACGCGTTCTTGTACT-4,CD8 CTL,T,CD8 CTL,CD8 CTL,T,T
CCATTCGGTTTGCATG-2,CD8 Tem,T,CD8 Tem,CD8 Tem,T,T
GTTCATTAGCCCGAAA-8,Naive BC,B,Naive,Naive,B,B
CTACCCAAGTGTACTC-4,Memory BC,B,Memory,Memory,B,B
CCATGTCAGATCTGCT-1,CD16,Mono,CD16,CD16,Mono,Mono
TGCGCAGAGGGATCTG-1,MEG,Other,CD14,CD14,Mono,Mono
CGAACATAGTTGAGTA-7,cDC,DC,cDC2,cDC2,DC,DC
CTCCTAGAGGTAGCCA-5,CD4 Tcm,T,CD4 Tem,CD4 Tem,T,T
AGGCCACGTATCACCA-1,CD4-CD8,T,CD4-CD8-,CD4-CD8-,T,T
CACAGTAGTACAAGTA-8,CD4+CD8,T,NK3,NK3,NK,NK
TACTCATGTAGAGTGC-8,T-mito,T,T-mito,T-mito,T,T
GTAACGTGTTGTCGCG-4,NK1,NK,NK1,NK1,NK,NK
TGTTCCGGTGCGCTTG-8,ASC,B,ASC,ASC,B,B
CAAGATCAGGCGACAT-1,RBC,Other,CD4 Tem,CD4 Tem,T,T
CTGCGGAGTTGACGTT-2,pDC,DC,pDC,pDC,DC,DC
GAAACTCGTCGAAAGC-6,CD14,Mono,CD14,CD14,Mono,Mono
CGAGAAGAGGTGCTAG-3,NK3,NK,NK3,NK3,NK,NK
GTGCTTCAGTCTCAAC-7,CD4 Naive,T,CD4 Naive,CD4 Naive,T,T
GTAGTCACAATAGCAA-3,CD4 Tem,T,CD4 Tem,CD4 Tem,T,T
CTCCTAGCAAGTCTGT-4,CD8 Naive,T,CD4 Naive,CD4 Naive,T,T
CTACACCCATACCATG-2,NK2,NK,NK2,NK2,NK,NK
GGACAAGCATCCTTGC-1,CD8 CTL,T,CD8 CTL,CD8 CTL,T,T
TGTGTTTTCATAACCG-4,CD8 Tem,T,CD8 CTL,CD8 CTL,T,T
TTCTCCTAGGTGCAAC-6,Naive BC,B,ABC,ABC,B,B
CCGTACTGTTGGAGGT-7,Memory BC,B,Memory,Memory,B,B
CGGGTCATCATTATCC-7,CD16,Mono,CD14,Intermed,Mono,Other
AACTGGTGTCAGCTAT-3,MEG,Other,CD4 Naive,CD4 Tcm,T,T
CAAGTTGTCTTAGCCC-7,cDC,DC,cDC2,cDC2,DC,DC
AGGGAGTAGGCCCTCA-4,CD4 Tcm,T,CD4 Tem,CD4 Tem,T,T
CATCAGAGTCCTGCTT-1,CD4-CD8,T,CD4-CD8-,CD4-CD8-,T,T
AGCAGCCTCTCTGCTG-5,CD4+CD8,T,CD4+CD8+,CD4+CD8+,T,T
CTAGCCTTCGTTTGCC-8,T-mito,T,T-mito,T-mito,T,T
TACTCATGTAAAGGAG-4,NK1,NK,NK2,NK2,NK,NK
TGCGTGGCACATGACT-5,ASC,B,ASC,ASC,B,B
ACGGGCTAGAGAGCTC-2,RBC,Other,CD8 Naive,CD8 Naive,T,T
ACACCCTAGTCAAGGC-4,pDC,DC,pDC,pDC,DC,DC
TATGCCCCATCAGTCA-7,CD14,Mono,cDC2,cDC2,DC,DC
CTACGTCAGGCGTACA-5,NK3,NK,NK3,NK3,NK,NK
GATCGCGTCAACCAAC-5,CD4 Naive,T,CD4 Naive,CD4 Naive,T,T
TCGCGTTCAACAACCT-2,CD4 Tem,T,CD4 Treg,CD4 Tem,T,T
ACGCAGCAGACGCAAC-4,CD8 Naive,T,CD8 Tem,CD8 Tem,T,T
GTTCTCGTCATAGCAC-3,NK2,NK,NK2,NK2,NK,NK
TCGCGTTAGCGCTCCA-8,CD8 CTL,T,CD8 CTL,CD8 CTL,T,T
AAAGTAGGTTTGACTG-4,CD8 Tem,T,CD4-CD8-,CD4-CD8-,T,T
CCAATCCGTGTGGTTT-8,Naive BC,B,Naive,Naive,B,B
ATCGAGTGTGATGCCC-2,Memory BC,B,Memory,Memory,B,B
GTTCTCGAGCGGATCA-7,CD16,Mono,CD16,CD16,Mono,Mono
ATTGGACTCACAAACC-3,MEG,Other,CD14,CD14,Mono,Mono
TTCTCAAGTCTTGCGG-7,cDC,DC,cDC2,cDC2,DC,DC
ACGCCAGCAAACCCAT-5,CD4 Tcm,T,CD4 Naive,CD4 Naive,T,T
AGGTCATTCACATACG-1,CD4-CD8,T,CD4-CD8-,CD4-CD8-,T,T
TGAGCCGCAGAGCCAA-4,CD4+CD8,T,CD4+CD8+,CD4+CD8+,T,T
CCACCTATCTGAAAGA-7,T-mito,T,T-mito,T-mito,T,T
AAGACCTTCCACGTGG-4,NK1,NK,NK1,NK1,NK,NK
CATGACATCTGATTCT-5,ASC,B,ASC,ASC,B,B
CTGATAGCATCACGTA-7,RBC,Other,CD14,CD14,Mono,Mono
ACTGCTCAGTCAATAG-4,pDC,DC,pDC,pDC,DC,DC
TGTGGTAGTTGGACCC-5,CD14,Mono,CD14,CD14,Mono,Mono
CATCCACGTTGCGCAC-7,NK3,NK,NK3,NK3,NK,NK
CTCGAGGTCTTTCCTC-2,CD4 Naive,T,CD4 Naive,CD4 Naive,T,T
GTTCATTCAACTGCGC-2,CD4 Tem,T,CD4 Naive,CD4 Naive,T,T
TGAGAGGAGGGTTCCC-4,CD8 Naive,T,CD8 Tem,CD8 Tem,T,T
CGGGTCATCTTAGAGC-4,NK2,NK,NK2,NK2,NK,NK
GTAGGCCCACACCGCA-4,CD8 CTL,T,CD8 CTL,CD8 CTL,T,T
ATCCGAATCACATGCA-3,CD8 Tem,T,CD4 Tem,CD4 Tem,T,T
CTGATCCGTCCTGCTT-8,Naive BC,B,Naive,Naive,B,B
CTAATGGCAGACGCCT-4,Memory BC,B,Memory,Memory,B,B
CCTACCAAGACAAAGG-5,CD16,Mono,CD16,CD16,Mono,Mono
CACAGTAGTCTAAAGA-2,MEG,Other,NK2,NK2,NK,NK
CAACCAAGTAAACCTC-8,cDC,DC,cDC2,cDC2,DC,DC
AACTTTCCAAGCCCAC-5,CD4 Tcm,T,CD8 Tem,CD8 Tem,T,T
ATGGGAGGTAGCCTCG-1,CD4-CD8,T,CD4-CD8-,CD4-CD8-,T,T
AAGACCTCAATCTGCA-1,CD4+CD8,T,NK2,NK2,NK,NK
AGGCCACTCTCTGAGA-4,T-mito,T,T-mito,T-mito,T,T
ATTACTCAGAATCTCC-3,NK1,NK,NK2,NK2,NK,NK
CAGATCACACAACGCC-7,ASC,B,ASC,ASC,B,B
ATGCGATAGACTGTAA-8,RBC,Other,CD4 Tcm,CD4 Tcm,T,T
GGCGTGTTCTGCGTAA-2,pDC,DC,pDC,pDC,DC,DC
CCGTACTTCTTCGGTC-7,CD14,Mono,CD14,CD14,Mono,Mono
GTACTCCAGACTCGGA-5,NK3,NK,NK2,NK2,NK,NK
TGGACGCAGCACACAG-3,CD4 Naive,T,CD4 Naive,CD4 Naive,T,T
CACATTTAGTGCCAGA-4,CD4 Tem,T,CD4 Treg,CD4 Treg,T,T
GACGTTATCACGCATA-2,CD8 Naive,T,CD4 Naive,CD4 Naive,T,T
GTCACGGGTTCATGGT-2,NK2,NK,NK2,NK2,NK,NK
GCGCAACAGGCGCTCT-1,CD8 CTL,T,CD4 Tex,CD4 Tex,T,T
AAAGATGAGTCGATAA-1,CD8 Tem,T,CD8 Tem,CD8 Tem,T,T
GTTCTCGGTCGACTGC-1,Naive BC,B,Naive,Naive,B,B
GGATGTTAGCCAGAAC-1,Memory BC,B,Memory,Memory,B,B
CGATTGAAGATATACG-8,CD16,Mono,CD16,CD16,Mono,Mono
GATGCTACACCGAATT-4,MEG,Other,CD14,CD14,Mono,Mono
CTAATGGGTGGTCCGT-8,cDC,DC,cDC2,cDC2,DC,DC
GTACGTAAGCCAGGAT-6,CD4 Tcm,T,CD4 Tem,CD4 Naive,T,T
AAATGCCTCCAAATGC-8,CD4-CD8,T,CD4-CD8-,CD4-CD8-,T,T
GGACGTCAGACATAAC-1,CD4+CD8,T,NK2,NK2,NK,NK
AGTGTCATCATGTAGC-3,T-mito,T,T-mito,T-mito,T,T
GGGAGATCATAGGATA-4,NK1,NK,NK2,NK2,NK,NK
TGCCCATAGGGTCGAT-6,ASC,B,ASC,ASC,B,B
TCGTAGAAGGGAACGG-2,RBC,Other,CD14,CD14,Mono,Mono
GGGACCTGTGTGACCC-7,pDC,DC,pDC,pDC,DC,DC
TACACGAGTAGCAAAT-3,CD14,Mono,CD14,CD14,Mono,Mono
CGATTGAAGGTCATCT-4,NK3,NK,NK3,NK3,NK,NK
CACACCTAGATGTGGC-5,CD4 Naive,T,CD4 Naive,CD4 Naive,T,T
GTGGGTCTCGTAGATC-6,CD4 Tem,T,CD4 Tem,CD4 Tem,T,T
CATGACAGTCAAAGCG-6,CD8 Naive,T,CD8 Naive,CD8 Naive,T,T
TCGCGTTCACCATGTA-2,NK2,NK,NK2,NK2,NK,NK
CAACTAGGTCATCGGC-8,CD8 CTL,T,CD4 Tex,CD4 Tex,T,T
TGACTTTAGAATCTCC-4,CD8 Tem,T,CD4+CD8+,CD8 Tex,T,T
GCGACCATCCGCTGTT-8,Naive BC,B,Naive,Naive,B,B
TTGCCGTGTATAGTAG-1,Memory BC,B,Memory,Memory,B,B
GTTACAGCAAGTCTGT-7,CD16,Mono,CD16,CD16,Mono,Mono
GATGAGGCAGGGAGAG-1,MEG,Other,CD4-CD8-,CD4-CD8-,T,T
CAGTAACAGAAGGGTA-3,cDC,DC,CD16,CD16,Mono,Mono
TGATTTCCAACGATGG-3,CD4 Tcm,T,CD4 Tem,CD4 Tem,T,T
TGTTCCGCACAGAGGT-1,CD4-CD8,T,NK2,NK2,NK,NK
CCACTACAGGTGCAAC-4,CD4+CD8,T,CD4+CD8+,CD4+CD8+,T,T
GATCAGTTCGCTGATA-1,T-mito,T,T-mito,T-mito,T,T
AGAATAGTCCGCAAGC-4,NK1,NK,CD4+CD8+,NK1,T,NK
TAAACCGAGTAGCGGT-8,ASC,B,ASC,ASC,B,B
ACGGGTCTCTCAAACG-2,RBC,Other,CD14,CD14,Mono,Mono
AATCCAGCATTCCTCG-2,pDC,DC,pDC,pDC,DC,DC
GAGGTGACAGCATGAG-1,CD14,Mono,CD14,CD14,Mono,Mono
TATCAGGGTCCGAAGA-1,NK3,NK,CD8 CTL,CD8 CTL,T,T
CCATTCGCACCTCGTT-2,CD4 Naive,T,CD4 Naive,CD4 Naive,T,T
CTGAAGTCATCTACGA-4,CD4 Tem,T,CD4 Tem,CD4 Tem,T,T
TTTACTGAGAAACGCC-1,CD8 Naive,T,CD8 Naive,CD8 Naive,T,T
CTGAAGTCAATGCCAT-2,NK2,NK,NK2,NK2,NK,NK
CGACTTCCATCTACGA-8,CD8 CTL,T,CD4 Tex,CD4 Tex,T,T
ATCCACCGTGTCCTCT-3,CD8 Tem,T,CD4-CD8-,CD4-CD8-,T,T
AGCTCCTTCCGTACAA-4,Naive BC,B,Naive,Naive,B,B
AACTCCCAGGTGCACA-5,Memory BC,B,Memory,Memory,B,B
CAAGAAATCCAAACAC-7,CD16,Mono,CD16,CD16,Mono,Mono
CGCCAAGGTTGGTGGA-3,MEG,Other,cDC2,cDC2,DC,DC
TGTATTCGTTGTTTGG-8,cDC,DC,cDC2,cDC2,DC,DC
ACTTTCAAGGCTATCT-5,CD4 Tcm,T,CD4 Naive,CD4 Naive,T,T
CAGGTGCTCATCGATG-1,CD4-CD8,T,CD4-CD8-,CD4-CD8-,T,T
CTAGAGTAGTGGGTTG-3,CD4+CD8,T,CD4+CD8+,CD4+CD8+,T,T
TCGGTAACATGGTCAT-7,T-mito,T,ASC,ASC,B,B
TCCACACGTTACAGAA-4,NK1,NK,NK2,NK2,NK,NK
ACCAGTACAGCCTGTG-6,ASC,B,ASC,ASC,B,B
ACACTGAAGCAAATCA-2,RBC,Other,CD14,CD14,Mono,Mono
CTTACCGCAACGATCT-4,pDC,DC,pDC,pDC,DC,DC
ACTTGTTGTCTAGCCG-7,CD14,Mono,CD14,CD14,Mono,Mono
TAGAGCTCATTGGGCC-1,NK3,NK,NK2,NK2,NK,NK
ATGTGTGTCCATGCTC-5,CD4 Naive,T,CD4 Naive,CD4 Naive,T,T
TAAGAGACAATCTACG-3,CD4 Tem,T,CD4 Tem,CD4 Tem,T,T
TGAGAGGAGAAGGACA-4,CD8 Naive,T,CD8 Naive,CD8 Naive,T,T
AGATTGCTCCATGCTC-7,NK2,NK,NK2,NK2,NK,NK
GTGCTTCTCTAACTGG-8,CD8 CTL,T,CD8 CTL,CD8 CTL,T,T
ATCATGGAGAGTCTGG-4,CD8 Tem,T,CD8 CTL,CD8 CTL,T,T
CCTCAGTAGAGAGCTC-8,Naive BC,B,Naive,Naive,B,B
TGCCCATTCGCATGAT-6,Memory BC,B,Memory,Memory,B,B
AGATTGCGTACGCACC-7,CD16,Mono,CD16,CD16,Mono,Mono
CGAGCCACATCACGTA-1,MEG,Other,CD8 CTL,CD8 CTL,T,T
CTGCTGTAGCATCATC-5,cDC,DC,cDC2,cDC2,DC,DC
AGATCTGTCTTGCATT-5,CD4 Tcm,T,CD4 Naive,CD4 Naive,T,T
GCGCCAAGTGAGCGAT-2,CD4-CD8,T,CD4-CD8-,CD4-CD8-,T,T
ATGAGGGGTAAATACG-1,CD4+CD8,T,CD4+CD8+,NK3,T,NK
GGACGTCGTAATAGCA-6,T-mito,T,T-mito,T-mito,T,T
GCAGTTAGTTCCCTTG-4,NK1,NK,CD4+CD8+,NK2,T,NK
CCGTTCAAGTCCGTAT-5,ASC,B,ASC,ASC,B,B
ACATGGTGTCTGGTCG-1,RBC,Other,CD4 Tcm,CD4 Tcm,T,T
ACATCAGCAGATAATG-7,pDC,DC,pDC,pDC,DC,DC
GACAGAGCAGGGAGAG-2,CD14,Mono,CD14,CD14,Mono,Mono
CAGCTAAGTCAATACC-7,NK3,NK,NK2,NK2,NK,NK
CAGCAGCGTCTCAACA-2,CD4 Naive,T,CD4 Naive,CD4 Naive,T,T
TCAGCAAGTAGCGTGA-8,CD4 Tem,T,CD4 Tem,CD4 Tem,T,T
TCAGGATAGCGTAGTG-4,CD8 Naive,T,CD8 Naive,CD8 Naive,T,T
TTAGTTCCAGCGTAAG-2,NK2,NK,NK2,NK2,NK,NK
GTCTCGTTCAGGCGAA-8,CD8 CTL,T,CD4-CD8-,CD4-CD8-,T,T
AACTCCCGTCTAGAGG-1,CD8 Tem,T,CD8 Tem,CD8 Tem,T,T
TACAGTGTCAGAGGTG-8,Naive BC,B,Naive,Naive,B,B
TAGCCGGAGATATGCA-3,Memory BC,B,Memory,Memory,B,B
CGGAGCTTCTGCTGTC-7,CD16,Mono,CD16,CD16,Mono,Mono
CTAATGGCAGACGCCT-3,MEG,Other,CD8 Tem,CD8 Tem,T,T
GCACATATCGCTTAGA-7,cDC,DC,cDC2,cDC2,DC,DC
AGAGCGACATCGACGC-7,CD4 Tcm,T,CD4 Tcm,CD4 Tcm,T,T
AGGCCACCACCACGTG-1,CD4-CD8,T,CD4-CD8-,CD4-CD8-,T,T
CTAGTGAAGGTGTGGT-4,CD4+CD8,T,CD4+CD8+,CD4+CD8+,T,T
CGGACACGTCTCTCGT-3,T-mito,T,T-mito,T-mito,T,T
CGGAGTCAGCGTTGCC-2,NK1,NK,NK1,NK1,NK,NK
TGCTGCTTCGACGGAA-6,ASC,B,ASC,ASC,B,B
ATAGACCAGACTGTAA-3,RBC,Other,CD4 Tcm,CD4 Tcm,T,T
GAGCAGACACCTATCC-7,pDC,DC,pDC,pDC,DC,DC
GTTTCTACACTTAAGC-6,CD14,Mono,CD14,CD14,Mono,Mono
AGGTCATTCATGTAGC-3,NK3,NK,NK3,NK2,NK,NK
CGGGTCACATGCCACG-5,CD4 Naive,T,CD8 Naive,CD8 Naive,T,T
CTGTTTAGTTGAACTC-6,CD4 Tem,T,CD4 Tem,CD4 Tem,T,T
CGCGGTAGTAAGGATT-2,CD8 Naive,T,CD8 Naive,CD8 Naive,T,T
GCCTCTAAGGAGCGTT-1,NK2,NK,NK2,NK2,NK,NK
CACCAGGGTCGCATAT-6,CD8 CTL,T,CD4 Tex,CD4 Tex,T,T
CGTTGGGAGGTGCTTT-2,CD8 Tem,T,CD8 Tem,CD8 Tem,T,T
GCTTCCATCGGAAATA-7,Naive BC,B,Naive,Naive,B,B
TCGTAGAGTCACCTAA-8,Memory BC,B,Memory,Memory,B,B
CGTTGGGCAGTCCTTC-2,CD16,Mono,CD16,CD16,Mono,Mono
GACTGCGGTTACCAGT-2,MEG,Other,NK2,NK2,NK,NK
GTTCTCGGTCCAGTTA-3,cDC,DC,cDC2,cDC2,DC,DC
CAGATCAAGAGCTGCA-2,CD4 Tcm,T,CD4 Naive,CD4 Tcm,T,T
GATGCTATCCGAGCCA-1,CD4-CD8,T,CD8 CTL,CD8 CTL,T,T
GCAATCAAGCCAACAG-1,CD4+CD8,T,NK3,NK3,NK,NK
ACTATCTAGATAGCAT-7,T-mito,T,T-mito,T-mito,T,T
GGCTGGTAGATGTAAC-3,NK1,NK,NK1,NK1,NK,NK
AATCGGTTCTGCGGCA-5,ASC,B,ASC,ASC,B,B
GTTCTCGCACCGGAAA-2,RBC,Other,CD14,CD14,Mono,Mono
CAGCGACAGATGTGTA-2,pDC,DC,pDC,pDC,DC,DC
CTCTGGTTCGATCCCT-4,CD14,Mono,CD14,CD14,Mono,Mono
CCTACACTCTTTAGTC-3,NK3,NK,NK3,NK3,NK,NK
TTTGTCAGTCGAGATG-2,CD4 Naive,T,CD4 Naive,CD4 Naive,T,T
TACCTATAGTGAACAT-8,CD4 Tem,T,CD4 Tem,CD4 Tem,T,T
AAAGTAGCACGAAACG-6,CD8 Naive,T,CD4 Tem,CD4 Tem,T,T
CGGTTAAAGATATGGT-4,NK2,NK,NK2,NK2,NK,NK
TTCCCAGAGACCTAGG-6,CD8 CTL,T,CD4 Tex,CD4 Tex,T,T
TGCGCAGCAGCGTAAG-1,CD8 Tem,T,CD8 Tem,CD8 Tem,T,T
CTAGTGACACTTAACG-3,Naive BC,B,Naive,Naive,B,B
CTTAACTAGTTATCGC-1,Memory BC,B,ABC,ABC,B,B
AAGACCTAGCTTTGGT-3,CD16,Mono,CD16,CD16,Mono,Mono
CACACAAAGAGAGCTC-3,MEG,Other,CD4 Tem,CD4 Tem,T,T
GCAATCATCTCGTATT-5,cDC,DC,cDC2,cDC2,DC,DC
TCCCGATAGATATGCA-5,CD4 Tcm,T,CD4 Naive,CD4 Naive,T,T
CAAGTTGGTTCTGTTT-1,CD4-CD8,T,CD4-CD8-,CD4-CD8-,T,T
CCTTTCTTCTACCAGA-7,CD4+CD8,T,CD4+CD8+,CD4+CD8+,T,T
GCACTCTTCAGTTGAC-1,T-mito,T,T-mito,T-mito,T,T
CACCTTGTCACCCGAG-4,NK1,NK,NK1,NK1,NK,NK
CCTTACGTCCCAAGAT-5,ASC,B,ASC,ASC,B,B
TACTTACCATTAGCCA-1,RBC,Other,CD14,CD14,Mono,Mono
ATGGGAGCAGCAGTTT-4,pDC,DC,pDC,pDC,DC,DC
TATTACCGTCGTCTTC-5,CD14,Mono,CD14,CD14,Mono,Mono
CTGATCCCAGATGAGC-8,NK3,NK,NK3,NK3,NK,NK
ACGAGGAAGTAGTGCG-7,CD4 Naive,T,CD4 Naive,CD4 Naive,T,T
GTACTCCGTTTGACTG-2,CD4 Tem,T,CD4 Tem,CD4 Tem,T,T
TTATGCTTCATCTGTT-2,CD8 Naive,T,CD4 Naive,CD4 Naive,T,T
CATCGGGTCCTAAGTG-2,NK2,NK,NK2,NK2,NK,NK
TTGCGTCTCCGCGCAA-2,CD8 CTL,T,CD8 CTL,CD8 CTL,T,T
TGGGAAGGTAGGGTAC-2,CD8 Tem,T,CD8 Tex,CD8 Tex,T,T
TACCTTATCAACTCTT-1,Naive BC,B,Naive,Naive,B,B
GTCATTTCACAACTGT-4,Memory BC,B,Naive,Naive,B,B
CCACCTATCCAGTAGT-8,CD16,Mono,CD16,CD16,Mono,Mono
CACCTTGTCCCATTAT-1,MEG,Other,T-mito,T-mito,T,T
TATCTCAGTCAATGTC-7,cDC,DC,cDC1,cDC1,DC,DC
GTTAAGCAGGTGCACA-1,CD4 Tcm,T,T-mito,T-mito,T,T
GGACAAGAGGTGCTTT-1,CD4-CD8,T,CD4-CD8-,CD4-CD8-,T,T
CGTTAGAAGGAGTCTG-4,CD4+CD8,T,CD4+CD8+,CD4+CD8+,T,T
GCTGCGACACGGTAGA-4,T-mito,T,T-mito,T-mito,T,T
TGACTTTCAGCCAGAA-2,NK1,NK,NK1,NK1,NK,NK
AGTAGTCCAGCCTTTC-5,ASC,B,ASC,ASC,B,B
TACTTGTTCGCATGAT-1,RBC,Other,CD8 Tem,CD8 Tem,T,T
CTCCTAGCACGCCAGT-7,pDC,DC,pDC,pDC,DC,DC
CCGGGATTCACAATGC-7,CD14,Mono,CD14,CD14,Mono,Mono
GGATGTTAGAGGACGG-5,NK3,NK,NK3,NK3,NK,NK
CCGTACTCACATCTTT-3,CD4 Naive,T,CD4 Naive,CD4 Naive,T,T
ACGATACTCGCCATAA-4,CD4 Tem,T,CD4 Tem,CD4 Tem,T,T
TGGTTCCAGCAAATCA-4,CD8 Naive,T,CD4 Tem,CD4 Tem,T,T
AGCGTCGTCCGATATG-8,NK2,NK,NK1,NK1,NK,NK
CGCTTCACAATGTAAG-8,CD8 CTL,T,CD8 CTL,CD8 CTL,T,T
ATTACTCAGGAATTAC-2,CD8 Tem,T,CD8 CTL,CD8 CTL,T,T
GATCGATAGAAGGTTT-6,Naive BC,B,Naive,Naive,B,B
CCGGTAGAGAGTCTGG-8,Memory BC,B,Memory,Memory,B,B
TACCTTATCTGATACG-3,CD16,Mono,CD14,CD14,Mono,Mono
GGGTCTGTCCACTGGG-7,MEG,Other,CD14,CD14,Mono,Mono
GATCAGTGTTATCACG-7,cDC,DC,cDC2,cDC2,DC,DC
GTATCTTGTGCAGTAG-5,CD4 Tcm,T,CD4 Naive,CD4 Naive,T,T
CCGGGATAGCTACCGC-1,CD4-CD8,T,CD4-CD8-,CD4-CD8-,T,T
GCTGGGTTCAACGGGA-4,CD4+CD8,T,CD4+CD8+,CD4+CD8+,T,T
AGCGTCGCATTAGGCT-8,T-mito,T,NK3,NK3,NK,NK
GAAATGACACTGTCGG-4,NK1,NK,NK2,NK2,NK,NK
TGCGTGGTCCCAACGG-7,ASC,B,ASC,ASC,B,B
CGCTTCACATGGTCAT-2,RBC,Other,CD14,CD14,Mono,Mono
CATCCACGTTCAGACT-7,pDC,DC,pDC,pDC,DC,DC
TTCCCAGAGACTCGGA-6,CD14,Mono,CD14,CD14,Mono,Mono
TTTGCGCCACGAAACG-4,NK3,NK,NK2,NK2,NK,NK
GTCTCGTTCCCTTGCA-3,CD4 Naive,T,CD4 Naive,CD4 Naive,T,T
GGTGTTATCTCTTGAT-6,CD4 Tem,T,CD4 Tem,CD4 Tem,T,T
AGTGGGAAGGGCTTGA-4,CD8 Naive,T,CD8 Tem,CD8 Tem,T,T
GCAGTTATCGGCTACG-8,NK2,NK,NK2,NK2,NK,NK
CTCGTCAGTACGCACC-2,CD8 CTL,T,CD4 Tex,CD4 Tex,T,T
ACATACGGTAACGACG-3,CD8 Tem,T,CD8 Tem,CD8 Tem,T,T
ACAGCTAAGCTGTTCA-6,Naive BC,B,Naive,Naive,B,B
AGACGTTAGCTAAGAT-8,Memory BC,B,Memory,Memory,B,B
TACGGTAGTACCATCA-8,CD16,Mono,CD14,CD14,Mono,Mono
CCGTTCAAGGCATTGG-4,MEG,Other,CD14,CD14,Mono,Mono
CTTAGGAAGAATAGGG-5,cDC,DC,cDC2,cDC2,DC,DC
GTATCTTGTGTTAAGA-5,CD4 Tcm,T,CD4 Naive,CD4 Naive,T,T
CGTTAGATCATGGTCA-1,CD4-CD8,T,CD4-CD8-,CD4-CD8-,T,T
CGATGGCCAGTAAGAT-2,CD4+CD8,T,CD4+CD8+,NK2,T,NK
GACCTGGCACGGCGTT-4,T-mito,T,T-mito,T-mito,T,T
CGCGGTAAGGTGATAT-8,NK1,NK,NK1,NK1,NK,NK
CTCACACTCACGCATA-5,ASC,B,ASC,ASC,B,B
CGAATGTCAGAAGCAC-1,RBC,Other,CD4 Tcm,CD4 Tcm,T,T
ACGCCGAAGCCCGAAA-2,pDC,DC,pDC,pDC,DC,DC
CACAGTACATCGATTG-7,CD14,Mono,Intermed,Intermed,Other,Other
GCAAACTCAGTAGAGC-8,NK3,NK,NK2,NK2,NK,NK
TGGCCAGGTTGTTTGG-1,CD4 Naive,T,CD4 Naive,CD4 Naive,T,T
TATCTCAAGTGCGTGA-2,CD4 Tem,T,CD4 Tem,CD4 Tem,T,T
CAGCAGCCATGTTCCC-6,CD8 Naive,T,CD4 Naive,CD4 Naive,T,T
AAAGCAAAGATGGGTC-4,NK2,NK,NK2,NK2,NK,NK
ACTGCTCGTGCAGACA-4,CD8 CTL,T,CD8 CTL,CD8 CTL,T,T
ACAGCTATCGAGCCCA-2,CD8 Tem,T,CD8 Tex,CD8 Tex,T,T
CGTCTACTCCCAGGTG-6,Naive BC,B,Naive,Naive,B,B
CGGACGTGTACTCAAC-3,Memory BC,B,ABC,ABC,B,B
GTAGGCCGTCAAACTC-8,CD16,Mono,CD16,CD16,Mono,Mono
TCTGAGACATAGACTC-3,MEG,Other,CD4 Tem,CD4 Tem,T,T
CGACTTCAGGCACATG-8,cDC,DC,cDC2,cDC2,DC,DC
CGGTTAAGTCTTGATG-7,CD4 Tcm,T,CD4 Naive,CD4 Naive,T,T
GTGTTAGGTTCGTTGA-5,CD4-CD8,T,CD4-CD8-,CD4-CD8-,T,T
CGCGTTTCAGTTTACG-4,CD4+CD8,T,CD4 Tex,CD4+CD8+,T,T
CTGAAGTCAACACCTA-6,T-mito,T,T-mito,T-mito,T,T
TAGGCATTCCTCATTA-5,NK1,NK,CD4+CD8+,NK1,T,NK
CTTGGCTCACAGACTT-8,ASC,B,ASC,ASC,B,B
CATCCACGTAGCAAAT-1,RBC,Other,CD4 Tem,CD4 Tem,T,T
TACAGTGAGCATCATC-3,pDC,DC,cDC2,cDC2,DC,DC
CACAGTACACCGTTGG-8,CD14,Mono,Intermed,Intermed,Other,Other
GCTTCCACAATCACAC-2,NK3,NK,NK2,NK2,NK,NK
ATGCGATAGCACCGTC-2,CD4 Naive,T,CD4 Naive,CD4 Tcm,T,T
AGTCTTTTCCAGTAGT-1,CD4 Tem,T,CD4 Tem,CD4 Tem,T,T
ACGATACGTTGATTCG-6,CD8 Naive,T,CD8 Naive,CD8 Naive,T,T
CGTCCATCAGGGCATA-6,NK2,NK,NK2,NK2,NK,NK
CTACGTCTCACGCATA-4,CD8 CTL,T,CD8 CTL,CD8 CTL,T,T
GGCAATTGTCCGAGTC-1,CD8 Tem,T,CD8 Tem,CD8 Tem,T,T
CATCAAGCACCAGTTA-6,Naive BC,B,Naive,Naive,B,B
GTGCTTCCAGTAGAGC-6,Memory BC,B,Memory,Memory,B,B
CTTAGGACACCTGGTG-7,CD16,Mono,CD16,CD16,Mono,Mono
CGGACGTTCAATCACG-3,MEG,Other,NK2,NK2,NK,NK
TCAGCAAGTAGCGCTC-7,cDC,DC,cDC2,cDC2,DC,DC
CATCAGACATGCCTTC-5,CD4 Tcm,T,CD4 Tem,CD4 Tem,T,T
CTTAGGATCATCATTC-4,CD4-CD8,T,CD4-CD8-,CD4-CD8-,T,T
AACTCTTGTGCATCTA-1,CD4+CD8,T,CD4+CD8+,CD4+CD8+,T,T
CTAAGACAGTGAAGAG-4,T-mito,T,T-mito,T-mito,T,T
TGAAAGAGTATGAAAC-5,NK1,NK,NK1,NK1,NK,NK
TGCACCTTCCTTTCTC-7,ASC,B,ASC,ASC,B,B
GGAACTTCACATCCAA-2,RBC,Other,CD14,CD14,Mono,Mono
TGGCGCAGTCCTCCAT-1,pDC,DC,pDC,pDC,DC,DC
GAGTCCGGTGTAACGG-7,CD14,Mono,CD14,CD14,Mono,Mono
CTAGTGAGTGCGAAAC-3,NK3,NK,NK2,NK2,NK,NK
CAGAATCCATTAGGCT-2,CD4 Naive,T,CD4 Naive,CD4 Naive,T,T
TTCTCCTAGATGTCGG-2,CD4 Tem,T,CD4 Treg,CD4 Treg,T,T
TACTTGTTCCAATGGT-6,CD8 Naive,T,CD8 Naive,CD8 Naive,T,T
AACCGCGGTTGTACAC-2,NK2,NK,NK2,NK2,NK,NK
CACCAGGCACGTAAGG-1,CD8 CTL,T,CD4 Tex,CD4 Tex,T,T
CGGTTAAAGCCCAGCT-4,CD8 Tem,T,CD8 Tem,CD8 Tem,T,T
ACACCAAAGCCTCGTG-1,Naive BC,B,Naive,Naive,B,B
CGAGCCAGTCTTGTCC-8,Memory BC,B,Memory,Memory,B,B
TTCTACAGTTAAGAAC-8,CD16,Mono,CD16,CD16,Mono,Mono
TGCTGCTAGCTCAACT-3,MEG,Other,NK2,NK2,NK,NK
GGACAAGGTTGATTCG-5,cDC,DC,cDC2,cDC2,DC,DC
GACTAACAGTGAACAT-5,CD4 Tcm,T,CD4 Naive,CD4 Naive,T,T
CAGCCGATCAAACCGT-1,CD4-CD8,T,CD4-CD8-,CD4-CD8-,T,T
TACCTATCAGTCGATT-4,CD4+CD8,T,CD4+CD8+,CD4 Tex,T,T
GCATGATGTGTTCGAT-7,T-mito,T,T-mito,T-mito,T,T
TCAGCAAAGAAAGTGG-3,NK1,NK,NK1,NK1,NK,NK
GGATTACCAAAGTCAA-6,ASC,B,ASC,ASC,B,B
TTCTTAGGTGACTCAT-1,RBC,Other,cDC1,cDC1,DC,DC
GGGATGACATTCTCAT-7,pDC,DC,CD14,CD14,Mono,Mono
CCGTACTTCCCGACTT-7,CD14,Mono,CD14,CD14,Mono,Mono
ATCTACTCAAGCCGCT-5,NK3,NK,NK2,NK2,NK,NK
GTGCTTCGTAGGCTGA-1,CD4 Naive,T,CD4 Treg,CD4 Tcm,T,T
GCAGTTAAGAGATGAG-6,CD4 Tem,T,CD4 Tem,CD4 Tem,T,T
AACTCAGAGAGTACAT-6,CD8 Naive,T,CD8 Naive,CD8 Naive,T,T
CTACATTCACGAAAGC-4,NK2,NK,NK2,NK2,NK,NK
TGGTTAGAGATAGGAG-8,CD8 CTL,T,CD8 CTL,CD8 CTL,T,T
TAGGCATTCCAGTATG-3,CD8 Tem,T,CD8 Tem,CD8 Tem,T,T
GTGAAGGTCTGTCTAT-6,Naive BC,B,Naive,Naive,B,B
GTTCTCGTCTACCAGA-6,Memory BC,B,CD4 Naive,CD4 Naive,T,T
TACGGGCCATGATCCA-3,CD16,Mono,CD16,CD16,Mono,Mono
CCACCTAAGTACGACG-1,MEG,Other,NK2,NK2,NK,NK
CGTGTCTCAAGAGTCG-1,cDC,DC,cDC2,cDC2,DC,DC
AGGGAGTAGAGACTAT-5,CD4 Tcm,T,CD4 Naive,CD4 Naive,T,T
GGAGCAATCGCATGGC-1,CD4-CD8,T,CD4-CD8-,CD4-CD8-,T,T
GTACTTTGTAATCACC-1,CD4+CD8,T,CD4+CD8+,CD4+CD8+,T,T
TGCGTGGGTACCAGTT-6,T-mito,T,T-mito,T-mito,T,T
CCTATTACATTGGTAC-4,NK1,NK,NK1,NK1,NK,NK
ATGCGATTCTTCATGT-8,ASC,B,ASC,ASC,B,B
GCGACCAAGTTGTAGA-2,RBC,Other,CD4 Tcm,CD4 Tcm,T,T
TCCCGATAGTGCAAGC-2,pDC,DC,pDC,pDC,DC,DC
TATGCCCCAGTATCTG-6,CD14,Mono,CD14,Intermed,Mono,Other
TCTGGAAGTTCGGGCT-8,NK3,NK,NK3,NK3,NK,NK
GCTCTGTGTTCAGGCC-4,CD4 Naive,T,CD4 Naive,CD4 Naive,T,T
GTTCATTGTCCGTTAA-5,CD4 Tem,T,CD8 Tem,CD8 Tem,T,T
CGGCTAGGTATTAGCC-6,CD8 Naive,T,CD8 Naive,CD8 Naive,T,T
GGGAGATGTGCTAGCC-4,NK2,NK,NK2,NK2,NK,NK
AAGTCTGAGGTGTTAA-8,CD8 CTL,T,CD4 Tex,CD4 Tex,T,T
AGTTGGTCAGCCAATT-3,CD8 Tem,T,CD8 Tex,CD8 Tex,T,T
CTGTTTAGTACCTACA-8,Naive BC,B,Naive,Naive,B,B
ATGAGGGGTTACGCGC-1,Memory BC,B,Memory,Memory,B,B
GTCTTCGAGCACAGGT-7,CD16,Mono,CD16,CD16,Mono,Mono
CCAATCCAGGAATTAC-2,MEG,Other,CD14,CD14,Mono,Mono
CCACCTAGTTGCGTTA-5,cDC,DC,cDC2,cDC2,DC,DC
TCAATCTAGAGCTATA-5,CD4 Tcm,T,CD4 Tem,CD4 Tem,T,T
CAGCTAAGTACGAAAT-2,CD4-CD8,T,CD4-CD8-,CD4-CD8-,T,T
GTTCTCGGTGTCGCTG-3,CD4+CD8,T,NK2,NK2,NK,NK
CGGAGCTCAGTAAGCG-8,T-mito,T,cDC2,cDC2,DC,DC
GGGCATCGTGACCAAG-8,NK1,NK,NK1,NK1,NK,NK
ACCTTTACACCGATAT-8,ASC,B,ASC,ASC,B,B
ATGGGAGAGTGTACGG-2,RBC,Other,CD14,CD14,Mono,Mono
GGGCATCCATATACGC-4,pDC,DC,pDC,pDC,DC,DC
TGCGGGTCATCTATGG-3,CD14,Mono,CD14,CD14,Mono,Mono
TACCTTAGTATCTGCA-2,NK3,NK,NK3,NK3,NK,NK
TAGCCGGAGGCCATAG-1,CD4 Naive,T,CD4 Naive,CD4 Naive,T,T
TACGGTATCACTATTC-3,CD4 Tem,T,CD4 Treg,CD4 Treg,T,T
AGAATAGTCCGCGTTT-8,CD8 Naive,T,CD4 Tcm,CD4 Tcm,T,T
TTTGTCACAGGAATGC-8,NK2,NK,NK3,NK3,NK,NK
CACAGTACACACATGT-8,CD8 CTL,T,CD8 CTL,CD4 Tex,T,T
CGTAGCGCATGAAGTA-2,CD8 Tem,T,CD4 Tex,CD4 Tex,T,T
ACGCCAGGTATAGGGC-2,Naive BC,B,Naive,Naive,B,B
CGTGTCTGTCTTCGTC-8,Memory BC,B,Memory,Memory,B,B
CACATAGAGGAGCGTT-8,CD16,Mono,CD16,CD16,Mono,Mono
CCTACCATCTTTAGGG-4,MEG,Other,CD4 Naive,CD4 Naive,T,T
GTATTCTAGGGCTTCC-8,cDC,DC,cDC2,cDC2,DC,DC
GCTGCTTTCATCTGCC-4,CD4 Tcm,T,CD4 Naive,CD4 Naive,T,T
TCGTAGAAGATAGCAT-1,CD4-CD8,T,CD4-CD8-,CD4-CD8-,T,T
CTAAGACGTCCAACTA-5,CD4+CD8,T,CD4+CD8+,CD4+CD8+,T,T
GGGTCTGTCGCTTGTC-7,T-mito,T,T-mito,T-mito,T,T
AACCGCGGTCGAAAGC-1,NK1,NK,NK1,NK1,NK,NK
TCTTCGGTCTGTTTGT-3,ASC,B,ASC,ASC,B,B
GATGAGGGTGCACGAA-2,RBC,Other,CD14,CD14,Mono,Mono
TACCTATGTCGAAAGC-1,pDC,DC,pDC,pDC,DC,DC
ACGATGTGTGTGAAAT-7,CD14,Mono,CD14,CD14,Mono,Mono
TCCACACCAATCAGAA-8,NK3,NK,NK3,NK3,NK,NK
AGGGAGTGTGGCGAAT-2,CD4 Naive,T,CD4 Naive,CD4 Naive,T,T
CGCCAAGGTTAAAGAC-6,CD4 Tem,T,CD4 Tem,CD4 Tem,T,T
CAACCTCTCCAAAGTC-5,CD8 Naive,T,CD4 Tem,CD4 Tem,T,T
CCGTACTAGGATCGCA-4,NK2,NK,NK2,NK2,NK,NK
CAGGTGCTCAAAGTAG-8,CD8 CTL,T,CD8 CTL,CD8 CTL,T,T
CGATGGCAGGGAGTAA-2,CD8 Tem,T,CD8 Tex,CD8 Tex,T,T
ACGATGTGTCCAAGTT-8,Naive BC,B,Naive,Naive,B,B
AGGCCGTAGTGGGCTA-2,Memory BC,B,Naive,Naive,B,B
GATGAGGCACACCGAC-7,CD16,Mono,CD16,CD16,Mono,Mono
TCGAGGCGTCCATCCT-3,MEG,Other,CD16,CD16,Mono,Mono
AGCAGCCGTTAGATGA-7,cDC,DC,cDC2,cDC2,DC,DC
TTGTAGGGTCTTCTCG-3,CD4 Tcm,T,T-mito,T-mito,T,T
GTCACGGCACAGGAGT-1,CD4-CD8,T,CD4-CD8-,CD4-CD8-,T,T
ACTTGTTCACACATGT-3,CD4+CD8,T,CD4+CD8+,CD4 Tex,T,T
TTATGCTTCGCATGGC-1,T-mito,T,T-mito,T-mito,T,T
CAGCTGGTCTACTTAC-1,NK1,NK,NK2,NK2,NK,NK
AGTTGGTTCTGGCGTG-8,ASC,B,ASC,ASC,B,B
AACCATGAGACTCGGA-2,RBC,Other,CD14,CD14,Mono,Mono
GCTCCTATCACGCGGT-3,pDC,DC,pDC,pDC,DC,DC
GGACATTAGCAGATCG-7,CD14,Mono,Intermed,Intermed,Other,Other
CCGGTAGCATTCTTAC-5,NK3,NK,NK2,NK2,NK,NK
GCACATAGTATATGAG-2,CD4 Naive,T,CD4 Naive,CD4 Naive,T,T
ATTACTCGTCTAGCCG-2,CD4 Tem,T,CD4 Tem,CD4 Tem,T,T
GGACAGATCGGAGGTA-3,CD8 Naive,T,CD8 Naive,CD8 Naive,T,T
GAAGCAGTCGGCGCAT-1,NK2,NK,NK2,NK2,NK,NK
GGGAATGCAGAGTGTG-2,CD8 CTL,T,CD8 CTL,CD8 CTL,T,T
GCGGGTTCACCAGGTC-8,CD8 Tem,T,CD8 Tex,CD8 Tex,T,T
GAACGGACATCACGAT-6,Naive BC,B,Naive,Naive,B,B
CAGCATATCTTACCGC-3,Memory BC,B,Naive,Naive,B,B
ATCTGCCTCGACAGCC-7,CD16,Mono,CD14,CD14,Mono,Mono
GCGCCAATCTCATTCA-3,MEG,Other,NK2,NK2,NK,NK
CATCGAACATCAGTAC-4,cDC,DC,cDC2,cDC2,DC,DC
CTAGAGTAGTCTCAAC-5,CD4 Tcm,T,CD4 Naive,CD4 Naive,T,T
GCGACCAAGTAAGTAC-1,CD4-CD8,T,CD4 Tex,CD4-CD8-,T,T
CTTGGCTTCGTCCAGG-1,CD4+CD8,T,CD4+CD8+,CD4+CD8+,T,T
TACAGTGTCGGCTTGG-6,T-mito,T,T-mito,T-mito,T,T
AGCGGTCCAATAGAGT-3,NK1,NK,CD4-CD8-,CD4-CD8-,T,T
TTAACTCCAATGTAAG-6,ASC,B,ASC,ASC,B,B
CGGGTCACATTAGCCA-1,RBC,Other,CD8 Tem,CD8 Tem,T,T
TGGTTCCTCAAGGCTT-7,pDC,DC,pDC,pDC,DC,DC
CGAGCACTCGATCCCT-8,CD14,Mono,CD14,CD14,Mono,Mono
CGTCCATCAGTATCTG-4,NK3,NK,CD8 CTL,CD8 CTL,T,T
GAATAAGGTAATAGCA-8,CD4 Naive,T,CD4 Naive,CD4 Naive,T,T
AGCTCTCCAATGGTCT-2,CD4 Tem,T,CD4 Tem,CD4 Tem,T,T
CTCGAGGAGCTCCCAG-2,CD8 Naive,T,CD8 Naive,CD8 Naive,T,T
CGATCGGGTGCGAAAC-1,NK2,NK,NK2,NK2,NK,NK
TTCCCAGGTAACGTTC-8,CD8 CTL,T,CD4 Tex,CD4 Tex,T,T
AGTGTCACAAGGACAC-6,CD8 Tem,T,CD8 Tem,CD8 Tem,T,T
TGCTGCTCAGTGGGAT-8,Naive BC,B,Naive,Naive,B,B
ACATACGGTTCGGCAC-8,Memory BC,B,Memory,Memory,B,B
GAGCAGATCTGTTTGT-7,CD16,Mono,CD16,CD16,Mono,Mono
ATTATCCGTCCGTCAG-1,MEG,Other,T-mito,T-mito,T,T
TGACGGCCACTAAGTC-3,cDC,DC,cDC2,cDC2,DC,DC
GGAACTTTCAACACAC-5,CD4 Tcm,T,CD4 Naive,CD4 Naive,T,T
AGAGCTTGTCCCTTGT-1,CD4-CD8,T,CD4-CD8-,CD4-CD8-,T,T
GCATACACATTCACTT-5,CD4+CD8,T,CD4+CD8+,CD4+CD8+,T,T
CGAACATCAAAGGCGT-4,T-mito,T,T-mito,T-mito,T,T
CGTGAGCGTGGTAACG-8,NK1,NK,NK1,NK1,NK,NK
GTCAAGTCACGGTTTA-3,ASC,B,ASC,ASC,B,B
AGCTCCTCAGTATGCT-4,RBC,Other,CD14,CD14,Mono,Mono
TGACTTTGTAAATGAC-8,pDC,DC,pDC,pDC,DC,DC
ACTGTCCTCCGCGCAA-4,CD14,Mono,CD14,CD14,Mono,Mono
GACTGCGGTGAAATCA-1,NK3,NK,NK3,NK3,NK,NK
AGGTCCGGTCCAACTA-6,CD4 Naive,T,CD4 Naive,CD4 Naive,T,T
AGTCTTTAGCCACTAT-6,CD4 Tem,T,CD4 Naive,CD4 Naive,T,T
GACTGCGTCAGTACGT-5,CD8 Naive,T,CD8 Naive,CD8 Naive,T,T
AATCCAGTCCAAATGC-4,NK2,NK,NK2,CD8 CTL,NK,T
AAGTCTGCATGTAAGA-4,CD8 CTL,T,CD8 CTL,CD8 CTL,T,T
GTGGGTCGTCACTGGC-3,CD8 Tem,T,CD8 Tex,CD8 Tex,T,T
CACCTTGAGAGGTTAT-3,Naive BC,B,Naive,Naive,B,B
GACTACACACGCATCG-1,Memory BC,B,Memory,Memory,B,B
CCAGCGATCATACGGT-5,CD16,Mono,Intermed,Intermed,Other,Other
GTGCAGCGTCCAGTAT-1,MEG,Other,CD14,CD14,Mono,Mono
CGTTAGAAGACGCTTT-7,cDC,DC,cDC2,cDC2,DC,DC
GCGCGATTCTACTATC-7,CD4 Tcm,T,CD4 Treg,CD4 Treg,T,T
AGCTTGAGTCATGCAT-1,CD4-CD8,T,CD4-CD8-,CD4-CD8-,T,T
GAAACTCCACGAAAGC-4,CD4+CD8,T,CD4+CD8+,CD4+CD8+,T,T
TTGGCAACACCTTGTC-4,T-mito,T,CD4 Tem,T-mito,T,T
ACGCCAGAGCTGCAAG-1,NK1,NK,NK1,NK1,NK,NK
GACAGAGGTTTGGGCC-1,ASC,B,ASC,ASC,B,B
GTCACGGGTATCAGTC-2,RBC,Other,CD8 Naive,CD8 Naive,T,T
CGAATGTGTACCTACA-4,pDC,DC,pDC,pDC,DC,DC
GTCGTAACAGCAGTTT-7,CD14,Mono,CD14,CD14,Mono,Mono
TAAGCGTCAGCTTCGG-3,NK3,NK,NK2,NK2,NK,NK
CTAATGGTCCAGAGGA-2,CD4 Naive,T,CD4 Naive,CD4 Naive,T,T
CTGCGGATCGTTGCCT-1,CD4 Tem,T,CD4 Naive,CD4 Naive,T,T
GCGCCAACAGACAAGC-1,CD8 Naive,T,CD8 Naive,CD8 Naive,T,T
CGTGAGCCACGAAAGC-4,NK2,NK,NK2,NK2,NK,NK
GTGCATATCGCCAGCA-8,CD8 CTL,T,CD4+CD8+,CD4+CD8+,T,T
TGTATTCCACCGAATT-1,CD8 Tem,T,CD4 Tex,CD4 Tex,T,T
AGGCCACCACCTGGTG-7,Naive BC,B,Naive,Naive,B,B
TTTCCTCAGACTAGAT-1,Memory BC,B,Memory,Memory,B,B
TGTGTTTTCTGTTGAG-5,CD16,Mono,Intermed,Intermed,Other,Other
CAACCTCTCCATTCTA-4,MEG,Other,cDC2,cDC2,DC,DC
ACGGAGAAGCTAGGCA-4,cDC,DC,cDC2,cDC2,DC,DC
GCATGATAGTCGTTTG-1,CD4 Tcm,T,CD4 Tem,CD4 Tem,T,T
CTCCTAGTCACAACGT-1,CD4-CD8,T,CD4-CD8-,CD4-CD8-,T,T
CCACTACAGTAAGTAC-1,CD4+CD8,T,CD4+CD8+,CD4+CD8+,T,T
ACATCAGTCGTAGGAG-4,T-mito,T,NK2,NK2,NK,NK
GTACTCCGTGGTACAG-1,NK1,NK,NK2,NK2,NK,NK
ATTGGACGTCAGTGGA-2,ASC,B,ASC,ASC,B,B
ACCCACTCATTGGGCC-2,RBC,Other,CD4 Tem,CD4 Tem,T,T
GCGCCAAAGAGATGAG-2,pDC,DC,pDC,pDC,DC,DC
AGATCTGGTAAACGCG-8,CD14,Mono,Intermed,Intermed,Other,Other
TACCTATTCGCCATAA-4,NK3,NK,NK2,NK2,NK,NK
ATGAGGGGTCTCAACA-2,CD4 Naive,T,CD4 Naive,CD4 Naive,T,T
CCTACACCACTCTGTC-2,CD4 Tem,T,CD4 Tem,CD4 Tem,T,T
CGTTCTGCAAACGCGA-1,CD8 Naive,T,CD8 Naive,CD8 Naive,T,T
TCTATTGAGCTGCCCA-3,NK2,NK,NK2,NK2,NK,NK
TTGACTTTCTTGAGGT-4,CD8 CTL,T,CD8 CTL,CD8 CTL,T,T
ATCACGAGTGCCTGGT-4,CD8 Tem,T,CD8 Tex,CD8 Tex,T,T
AAGACCTGTTATCGGT-6,Naive BC,B,Naive,Naive,B,B
CCACCTAAGGCATTGG-6,Memory BC,B,Memory,Memory,B,B
CTAGAGTTCTCCTATA-3,CD16,Mono,CD16,CD16,Mono,Mono
GCCAAATTCTGGTTCC-3,MEG,Other,NK2,NK2,NK,NK
ATAACGCTCATGGTCA-2,cDC,DC,cDC2,cDC2,DC,DC
ACTATCTCACGAGAGT-2,CD4 Tcm,T,CD8 Tem,CD8 Tem,T,T
GGGATGACAGGGTTAG-1,CD4-CD8,T,CD4-CD8-,CD4-CD8-,T,T
ACGCCGAAGCTCCTCT-4,CD4+CD8,T,CD4 Tex,CD8 CTL,T,T
CATTCGCCAGTGGAGT-6,T-mito,T,T-mito,T-mito,T,T
AAACCTGTCTGCGGCA-4,NK1,NK,NK1,NK1,NK,NK
CAGGTGCTCGCCAGCA-3,ASC,B,ASC,ASC,B,B
AGTTGGTCAAACTGTC-1,RBC,Other,Naive,Naive,B,B
AGCTCCTGTGCATCTA-2,pDC,DC,pDC,pDC,DC,DC
TTCTACAGTCTTCGTC-7,CD14,Mono,CD14,CD14,Mono,Mono
CTAAGACGTATGCTTG-3,NK3,NK,NK3,NK3,NK,NK
AGATCTGGTCGGCATC-4,CD4 Naive,T,CD4 Naive,CD4 Naive,T,T
CTCGGAGGTTTGACAC-2,CD4 Tem,T,CD4 Treg,CD4 Treg,T,T
GAACGGAAGCTGGAAC-6,CD8 Naive,T,CD8 Naive,CD8 Naive,T,T
AACCGCGGTACCGAGA-4,NK2,NK,NK2,NK2,NK,NK
CTTACCGAGCGTTTAC-1,CD8 CTL,T,CD8 CTL,CD8 CTL,T,T
AACACGTCAATGGAGC-3,CD8 Tem,T,CD8 Tex,CD8 Tex,T,T
GTATTCTAGATCGATA-1,Naive BC,B,Naive,Naive,B,B
CTGATCCCAACGATGG-4,Memory BC,B,Naive,Naive,B,B
GTCACGGTCTGTTGAG-4,CD16,Mono,CD16,CD16,Mono,Mono
GTATTCTTCTCTAGGA-3,MEG,Other,CD4 Tem,CD4 Tem,T,T
TGGCCAGAGTGCGATG-2,cDC,DC,cDC1,cDC1,DC,DC
AGGCCGTCATACTCTT-1,CD4 Tcm,T,CD4 Naive,CD4 Naive,T,T
TACACGAAGTCAAGCG-4,CD4-CD8,T,CD4-CD8-,CD4-CD8-,T,T
AGACGTTGTATTCGTG-4,CD4+CD8,T,CD4+CD8+,CD4+CD8+,T,T
TTATGCTCAGTTAACC-1,T-mito,T,T-mito,T-mito,T,T
ACACCGGAGTCCGTAT-1,NK1,NK,NK1,NK1,NK,NK
AGGGTGATCACTTCAT-6,ASC,B,ASC,ASC,B,B
CTTAGGAAGGGTGTTG-2,RBC,Other,CD14,CD14,Mono,Mono
CATGACAGTGCCTGTG-7,pDC,DC,pDC,pDC,DC,DC
TAAACCGTCCCATTAT-7,CD14,Mono,CD16,CD16,Mono,Mono
TATCAGGAGGACACCA-1,NK3,NK,NK3,NK3,NK,NK
GAGGTGAAGTCCATAC-4,CD4 Naive,T,CD4 Tcm,CD4 Tcm,T,T
ACGATGTCAACACGCC-4,CD4 Tem,T,CD4 Tem,CD4 Tem,T,T
CATCAAGGTAAGAGAG-7,CD8 Naive,T,CD4 Naive,CD4 Naive,T,T
AGGGATGTCCTTAATC-4,NK2,NK,NK2,NK2,NK,NK
GATCTAGGTTCCAACA-7,CD8 CTL,T,CD4 Tex,CD4 Tex,T,T
ATCACGAGTGCATCTA-3,CD8 Tem,T,CD8 Tex,CD8 Tex,T,T
GTGTTAGGTGCACCAC-4,Naive BC,B,Naive,Naive,B,B
TCGGTAACAAGCTGTT-2,Memory BC,B,Memory,Memory,B,B
TAGTTGGGTCATATCG-4,CD16,Mono,CD16,CD16,Mono,Mono
CCTATTAGTACAGACG-3,MEG,Other,CD8 Tex,CD8 Tex,T,T
TCATTTGTCGCATGAT-3,cDC,DC,cDC2,cDC2,DC,DC
AAAGTAGGTAACGCGA-5,CD4 Tcm,T,CD4 Naive,CD4 Naive,T,T
GTTCATTCATTACCTT-1,CD4-CD8,T,CD4-CD8-,CD4-CD8-,T,T
AACTGGTTCCTCATTA-2,CD4+CD8,T,NK2,NK2,NK,NK
GAACCTATCTTCGGTC-6,T-mito,T,T-mito,T-mito,T,T
GCGCAACAGAACTCGG-1,NK1,NK,NK1,NK1,NK,NK
GGACAAGAGCGCCTTG-7,ASC,B,ASC,ASC,B,B
CTACCCAAGCAATCTC-4,RBC,Other,CD14,CD14,Mono,Mono
ATCCACCAGGAGTCTG-4,pDC,DC,pDC,pDC,DC,DC
TAAGTGCAGCCCAACC-7,CD14,Mono,CD14,CD14,Mono,Mono
GATCTAGAGCAGGCTA-8,NK3,NK,NK3,NK3,NK,NK
ACTTACTTCTGGGCCA-2,CD4 Naive,T,CD4 Naive,CD4 Naive,T,T
CCTAGCTGTAGCTGCC-7,CD4 Tem,T,CD4 Naive,CD4 Naive,T,T
CTCGTACTCTTTCCTC-1,CD8 Naive,T,CD4 Tem,CD4 Tem,T,T
TGCCAAACAAGGCTCC-2,NK2,NK,NK2,NK2,NK,NK
CAGCTGGGTGTGACGA-6,CD8 CTL,T,CD4 Tex,CD4 Tex,T,T
ATCGAGTGTCTCTTAT-2,CD8 Tem,T,CD8 Tex,CD8 Tex,T,T
AGCTCTCAGAGTCGGT-8,Naive BC,B,Naive,Naive,B,B
TTGAACGTCAGCTCGG-3,Memory BC,B,NK3,CD4+CD8+,NK,T
AAGGAGCCAAGAAAGG-3,CD16,Mono,CD16,CD16,Mono,Mono
TGCTGCTGTGAAGGCT-3,MEG,Other,NK3,NK3,NK,NK
TGGCCAGCAATCTACG-8,cDC,DC,cDC2,cDC2,DC,DC
CTAATGGGTATGGTTC-7,CD4 Tcm,T,CD4 Tem,CD4 Tem,T,T
CGTCACTGTTGCGTTA-1,CD4-CD8,T,CD4 Tex,CD4 Tex,T,T
ATTGGACAGCTTCGCG-2,CD4+CD8,T,NK2,NK2,NK,NK
GACGTTAAGTGATCGG-3,T-mito,T,T-mito,T-mito,T,T
GAATAAGAGGTGTTAA-1,NK1,NK,NK1,NK1,NK,NK
TACCTTAGTATCTGCA-5,ASC,B,ASC,ASC,B,B
TACCTTACAATAGCAA-4,RBC,Other,CD16,CD16,Mono,Mono
CATCAAGGTCAACATC-1,pDC,DC,pDC,pDC,DC,DC
CGCCAAGAGGCTCATT-6,CD14,Mono,CD14,CD14,Mono,Mono
ACGTCAATCGTGGTCG-8,NK3,NK,NK3,NK3,NK,NK
CCTACACTCTTGGGTA-5,CD4 Naive,T,CD4 Naive,CD4 Naive,T,T
CTGTTTACATAGACTC-3,CD4 Tem,T,CD4 Treg,CD4 Treg,T,T
ACCCACTGTAAACACA-3,CD8 Naive,T,CD4 Tem,CD4 Tem,T,T
TCGGGACCAAAGGTGC-2,NK2,NK,NK2,NK2,NK,NK
TGATTTCTCCATTCTA-2,CD8 CTL,T,CD4 Tex,CD4 Tex,T,T
ACGATGTTCTGCCCTA-3,CD8 Tem,T,CD4 Tem,CD4 Tem,T,T
ACGATACCAATGGAGC-8,Naive BC,B,Memory,Memory,B,B
TTGGAACCAGTTCATG-4,Memory BC,B,CD8 Tex,CD8 Tex,T,T
GACTAACAGATCCGAG-4,CD16,Mono,CD16,CD16,Mono,Mono
GGACGTCCAGATAATG-7,MEG,Other,NK3,NK3,NK,NK
GAAGCAGAGGGTGTGT-7,cDC,DC,cDC2,cDC2,DC,DC
AGATTGCTCACATGCA-2,CD4 Tcm,T,CD4 Tem,CD4 Tem,T,T
CTACACCTCTGTTTGT-1,CD4-CD8,T,CD4-CD8-,CD4-CD8-,T,T
TTCCCAGTCTGGTTCC-8,CD4+CD8,T,CD4+CD8+,NK3,T,NK
CCCAGTTTCAGCCTAA-7,T-mito,T,T-mito,T-mito,T,T
AACTCTTTCTTTAGGG-4,NK1,NK,NK1,NK1,NK,NK
GGACAAGCACTTCTGC-5,ASC,B,ASC,ASC,B,B
CACCACTAGCAGATCG-8,RBC,Other,CD8 CTL,CD8 CTL,T,T
CGGAGCTGTAGAGTGC-4,pDC,DC,pDC,pDC,DC,DC
ACTTACTTCTCAAGTG-6,CD14,Mono,CD14,CD14,Mono,Mono
CATCAAGCAGCATACT-3,NK3,NK,NK2,NK2,NK,NK
GGTGCGTGTGGCCCTA-2,CD4 Naive,T,CD4 Naive,CD4 Naive,T,T
TGGTTCCCATGCAACT-3,CD4 Tem,T,CD4 Tem,CD4 Tem,T,T
GTTCATTAGGACATTA-5,CD8 Naive,T,CD8 Naive,CD8 Naive,T,T
TCTTTCCGTACGACCC-1,NK2,NK,NK2,NK2,NK,NK
ACGAGGACAAGACACG-1,CD8 CTL,T,CD8 CTL,CD8 CTL,T,T
ATCCGAACATCTCGCT-3,CD8 Tem,T,CD8 Tex,CD8 Tex,T,T
TCGGGACGTCCAGTGC-2,Naive BC,B,Naive,Naive,B,B
GTAACTGCAATCGAAA-6,Memory BC,B,Memory,Memory,B,B
CGACCTTGTCGTTGTA-7,CD16,Mono,CD16,CD16,Mono,Mono
GGGACCTGTGTTGAGG-4,MEG,Other,CD14,CD14,Mono,Mono
CCATGTCGTTACCGAT-8,cDC,DC,cDC2,cDC2,DC,DC
GTGCTTCAGAGATGAG-5,CD4 Tcm,T,CD4 Naive,CD4 Naive,T,T
ACGATACGTTCTCATT-1,CD4-CD8,T,CD4-CD8-,CD4-CD8-,T,T
GCGCAACCAATTGCTG-1,CD4+CD8,T,NK2,NK2,NK,NK
CCACCTATCTCTGCTG-4,T-mito,T,T-mito,T-mito,T,T
GGTGTTACACCATGTA-3,NK1,NK,NK1,NK1,NK,NK
CCGTTCACAGTCCTTC-7,ASC,B,ASC,ASC,B,B
ACGAGCCGTGCAGACA-2,RBC,Other,Naive,Naive,B,B
GTTCATTTCAACGGGA-2,pDC,DC,pDC,pDC,DC,DC
ACGCAGCCACGGACAA-6,CD14,Mono,CD14,CD14,Mono,Mono
GTCTCGTTCAACGAAA-3,NK3,NK,NK3,NK3,NK,NK
CATGACATCAGCGACC-1,CD4 Naive,T,CD4 Naive,CD4 Naive,T,T
TGGCTGGTCTTGAGAC-4,CD4 Tem,T,CD4 Tem,CD4 Tem,T,T
GCTGCGAAGAGCCTAG-7,CD8 Naive,T,CD4 Naive,CD4 Naive,T,T
GAACATCGTTAGTGGG-4,NK2,NK,NK2,NK2,NK,NK
AGGTCATCATTGTGCA-7,CD8 CTL,T,CD4 Tex,CD4 Tex,T,T
CAGGTGCCAATCTACG-3,CD8 Tem,T,CD4 Treg,CD4 Treg,T,T
TACACGACAGAGTGTG-6,Naive BC,B,Naive,Naive,B,B
TCAGATGCACAGCCCA-8,Memory BC,B,Memory,Memory,B,B
GGGCACTGTTTGTGTG-1,CD16,Mono,CD16,CD16,Mono,Mono
GCGACCAAGGGTGTGT-3,MEG,Other,CD4 Naive,CD4 Naive,T,T
AGCAGCCTCTTGCAAG-3,cDC,DC,cDC2,cDC2,DC,DC
TGATTTCTCTCGGACG-5,CD4 Tcm,T,CD4 Naive,CD4 Naive,T,T
CTGCTGTGTTACGACT-2,CD4-CD8,T,CD4-CD8-,CD4-CD8-,T,T
CGGAGCTAGCCGCCTA-3,CD4+CD8,T,CD4+CD8+,CD4+CD8+,T,T
ACTGATGTCTGATTCT-5,T-mito,T,T-mito,T-mito,T,T
GGACATTTCTTTCCTC-4,NK1,NK,NK1,NK1,NK,NK
CTAACTTCACCTTGTC-5,ASC,B,ASC,ASC,B,B
ACGGCCAGTAGATTAG-6,RBC,Other,CD14,Intermed,Mono,Other
TAAACCGGTCGCGTGT-2,pDC,DC,pDC,pDC,DC,DC
TTCTACATCGTCCGTT-4,CD14,Mono,CD14,CD14,Mono,Mono
CTTTGCGGTCGAGTTT-1,NK3,NK,NK2,NK2,NK,NK
CTACACCCATGCTGGC-4,CD4 Naive,T,CD4 Naive,CD4 Naive,T,T
GGCGTGTTCGGAGGTA-6,CD4 Tem,T,CD4 Tem,CD4 Tem,T,T
AAGGTTCAGTATGACA-4,CD8 Naive,T,CD8 Tem,CD8 Tem,T,T
TGATTTCGTGAGCGAT-2,NK2,NK,NK2,NK2,NK,NK
TGCCCTACAGATCCAT-2,CD8 CTL,T,CD8 CTL,CD8 CTL,T,T
GTGCAGCAGTATCGAA-3,CD8 Tem,T,CD8 Tex,CD8 Tex,T,T
TGGCGCATCTGTCTCG-8,Naive BC,B,Naive,Naive,B,B
TAGACCAGTCTCTTAT-8,Memory BC,B,ABC,ABC,B,B
GATTCAGCACCGGAAA-1,CD16,Mono,CD16,CD16,Mono,Mono
TCTCATAGTACGAAAT-3,MEG,Other,CD14,CD14,Mono,Mono
GTAGTCAGTTGAGTTC-7,cDC,DC,cDC2,cDC2,DC,DC
GCCAAATTCAGGCAAG-4,CD4 Tcm,T,T-mito,T-mito,T,T
CATCAAGTCTGCAGTA-2,CD4-CD8,T,CD4-CD8-,CD4-CD8-,T,T
TGCTACCAGTAACCCT-1,CD4+CD8,T,CD4+CD8+,CD4+CD8+,T,T
ATTATCCCACTACAGT-8,T-mito,T,T-mito,T-mito,T,T
TTGCCGTAGATCGGGT-1,NK1,NK,NK2,NK2,NK,NK
AAGGCAGTCTTTACGT-8,ASC,B,ASC,ASC,B,B
TGCACCTTCATGCTCC-2,RBC,Other,CD14,CD14,Mono,Mono
CAAGAAAAGACAAAGG-5,pDC,DC,pDC,pDC,DC,DC
TCAGGATAGAAACCTA-6,CD14,Mono,CD14,CD14,Mono,Mono
CACACCTGTATGAATG-5,NK3,NK,NK3,NK3,NK,NK
AGCGGTCGTCGATTGT-5,CD4 Naive,T,CD4 Naive,CD4 Naive,T,T
GATCAGTGTGCATCTA-8,CD4 Tem,T,CD8 Tem,CD8 Tem,T,T
CGGTTAATCACCTCGT-5,CD8 Naive,T,CD8 Naive,CD8 Naive,T,T
ATCGAGTCACAACGCC-5,NK2,NK,NK2,NK2,NK,NK
CGACTTCTCAGTCCCT-3,CD8 CTL,T,CD8 CTL,CD8 CTL,T,T
CATGGCGCACTAGTAC-2,CD8 Tem,T,CD8 Tex,CD8 Tex,T,T
GGCGTGTCAACCGCCA-4,Naive BC,B,Naive,Naive,B,B
AATCGGTGTAGCAAAT-6,Memory BC,B,ABC,ABC,B,B
AGGGATGAGAGATGAG-5,CD16,Mono,CD16,CD16,Mono,Mono
ACGGGCTTCCTCATTA-4,MEG,Other,CD4 Naive,CD4 Naive,T,T
GGGCACTAGCTAACAA-3,cDC,DC,cDC2,cDC2,DC,DC
TGCTGCTTCTTGTTTG-2,CD4 Tcm,T,T-mito,T-mito,T,T
GCTTGAACAGCCTTTC-1,CD4-CD8,T,CD4-CD8-,CD4-CD8-,T,T
GTGTTAGAGCTGAACG-5,CD4+CD8,T,CD4+CD8+,CD4+CD8+,T,T
AGATCTGGTGGCGAAT-8,T-mito,T,T-mito,T-mito,T,T
GCGGGTTGTAAGGATT-8,NK1,NK,NK1,NK1,NK,NK
GAATGAAGTACCGTAT-7,ASC,B,ASC,ASC,B,B
CTCGTACAGCCACTAT-2,RBC,Other,CD4 Tcm,CD4 Tcm,T,T
GAATGAACACCCAGTG-7,pDC,DC,pDC,pDC,DC,DC
CAGATCATCAGCTGGC-3,CD14,Mono,CD14,CD14,Mono,Mono
ACTTGTTTCGCCCTTA-1,NK3,NK,NK3,NK3,NK,NK
TTGTAGGAGTTCGATC-2,CD4 Naive,T,CD4 Naive,CD4 Naive,T,T
AGAGCGACAGGCGATA-3,CD4 Tem,T,CD4 Tem,CD4 Tem,T,T
ATGGGAGCAATGGTCT-7,CD8 Naive,T,CD8 Tem,CD8 Tem,T,T
CTACGTCAGCTGAACG-5,NK2,NK,NK2,NK2,NK,NK
CACACTCTCACCTCGT-2,CD8 CTL,T,CD8 CTL,CD8 CTL,T,T
CGCGGTACACGCGAAA-3,CD8 Tem,T,CD4 Tem,CD4 Tem,T,T
TGCCAAAGTGAACCTT-6,Naive BC,B,Naive,Naive,B,B
GTCGTAATCGCCAGCA-3,Memory BC,B,Memory,Memory,B,B
CTGTTTAGTTGGACCC-7,CD16,Mono,CD16,CD16,Mono,Mono
ACGGGCTGTCTCTCGT-2,MEG,Other,CD4 Naive,CD4 Naive,T,T
CCCAGTTGTTAGTGGG-5,cDC,DC,cDC2,cDC2,DC,DC
CTGCTGTTCAATACCG-7,CD4 Tcm,T,CD4 Tem,CD4 Tem,T,T
TGTTCCGGTGTGAATA-1,CD4-CD8,T,CD4-CD8-,CD4-CD8-,T,T
CATTATCGTCCGTGAC-2,CD4+CD8,T,CD4+CD8+,CD4+CD8+,T,T
AAGCCGCTCCCAGGTG-5,T-mito,T,CD8 CTL,CD8 CTL,T,T
AGACGTTCAGAGTGTG-3,NK1,NK,CD4 Tem,CD4 Tem,T,T
CCGTACTTCCAGTAGT-8,ASC,B,ASC,ASC,B,B
GTAGTCAGTCCAAGTT-2,RBC,Other,CD14,CD14,Mono,Mono
GAAATGACATCGTCGG-7,pDC,DC,pDC,pDC,DC,DC
GGGACCTGTTGGAGGT-4,CD14,Mono,CD14,CD14,Mono,Mono
TTGCGTCCAACTGGCC-8,NK3,NK,NK3,NK2,NK,NK
GCTGCTTGTCCTAGCG-4,CD4 Naive,T,CD4 Naive,CD4 Naive,T,T
CCAATCCTCTTGTACT-3,CD4 Tem,T,CD4 Treg,CD4 Treg,T,T
ACGTCAAAGACAAGCC-2,CD8 Naive,T,CD8 Naive,CD8 Naive,T,T
GCATACACACCACCAG-2,NK2,NK,NK2,NK2,NK,NK
TTAACTCGTTCCCTTG-1,CD8 CTL,T,CD8 CTL,CD8 CTL,T,T
GAGTCCGAGAGGACGG-3,CD8 Tem,T,CD8 Tex,CD8 Tex,T,T
TCTTCGGAGTGTCCCG-2,Naive BC,B,Naive,Naive,B,B
CAACCTCAGCTAACAA-8,Memory BC,B,Memory,Memory,B,B
CGACCTTCAATAACGA-7,CD16,Mono,CD16,CD16,Mono,Mono
TGGCGCAGTAAGCACG-3,MEG,Other,CD14,CD14,Mono,Mono
GTGAAGGTCCGAGCCA-8,cDC,DC,cDC2,cDC2,DC,DC
CTGCCTACAGACAGGT-5,CD4 Tcm,T,CD4 Naive,CD4 Naive,T,T
TCTCATAAGTTCGATC-1,CD4-CD8,T,CD4-CD8-,CD4-CD8-,T,T
TTGACTTGTAAGTTCC-1,CD4+CD8,T,CD4-CD8-,CD4-CD8-,T,T
GTCTTCGAGTAGGCCA-3,T-mito,T,T-mito,T-mito,T,T
GGCAATTGTCTAAACC-1,NK1,NK,NK1,NK1,NK,NK
ATAAGAGAGCCCAATT-6,ASC,B,ASC,ASC,B,B
CATATGGTCAAACAAG-1,RBC,Other,CD4 Tcm,CD4 Tcm,T,T
GATCGTAAGATCCCAT-4,pDC,DC,pDC,pDC,DC,DC
CCCTCCTTCCTCAATT-4,CD14,Mono,CD14,CD14,Mono,Mono
TGATTTCCAGCTCCGA-3,NK3,NK,NK2,NK2,NK,NK
ACTTACTCATTCCTCG-1,CD4 Naive,T,CD4 Naive,CD4 Naive,T,T
GCATGTATCCGCAAGC-3,CD4 Tem,T,CD4 Naive,CD4 Naive,T,T
CGCGTTTTCGGTGTCG-5,CD8 Naive,T,CD8 Naive,CD8 Naive,T,T
CCACGGACATGTTGAC-1,NK2,NK,NK2,NK2,NK,NK
CTTAACTCATGCAACT-1,CD8 CTL,T,CD4 Tex,CD4 Tex,T,T
TGCTACCTCCACGACG-4,CD8 Tem,T,CD8 Tex,CD8 Tex,T,T
TCAGGATCATCCAACA-3,Naive BC,B,Naive,Naive,B,B
CAACTAGTCAGGTTCA-2,Memory BC,B,Naive,Naive,B,B
CACATTTGTGAACCTT-7,CD16,Mono,CD16,CD16,Mono,Mono
TACTTACAGATACACA-1,MEG,Other,T-mito,T-mito,T,T
GATGAGGTCAGCACAT-4,cDC,DC,cDC2,cDC2,DC,DC
GTTCATTCAAACAACA-1,CD4 Tcm,T,T-mito,T-mito,T,T
CATATGGTCTCAACTT-2,CD4-CD8,T,CD8 CTL,CD8 CTL,T,T
CTAATGGTCGCGGATC-4,CD4+CD8,T,CD4+CD8+,CD4+CD8+,T,T
ACGCAGCAGAGCTATA-4,T-mito,T,T-mito,T-mito,T,T
ATCATCTTCGCACTCT-2,NK1,NK,NK1,NK1,NK,NK
GACAGAGCATTGGGCC-5,ASC,B,ASC,ASC,B,B
GTATCTTCAGCTTCGG-8,RBC,Other,pDC,pDC,DC,DC
GCAAACTTCTGCTGTC-4,pDC,DC,pDC,pDC,DC,DC
CGGACTGCACAGACTT-3,CD14,Mono,Intermed,Intermed,Other,Other
GACTAACTCGTCCGTT-4,NK3,NK,NK3,NK3,NK,NK
CTAGCCTGTTAAGGGC-4,CD4 Naive,T,CD4 Naive,CD4 Naive,T,T
CAGTCCTAGAGCTGCA-8,CD4 Tem,T,CD4 Tem,CD8 Tem,T,T
GACGTGCAGTGCCAGA-4,CD8 Naive,T,CD8 Naive,CD8 Naive,T,T
ATTGGACTCAGGCAAG-7,NK2,NK,NK3,NK3,NK,NK
CTCGGAGAGCTCCCAG-2,CD8 CTL,T,CD8 CTL,CD8 CTL,T,T
CATGACAGTTATCACG-3,CD8 Tem,T,CD8 Tem,CD8 Tem,T,T
GCTTCCATCCTCTAGC-4,Naive BC,B,Naive,Naive,B,B
CGTCAGGGTGGTGTAG-7,Memory BC,B,Memory,Memory,B,B
AAGCCGCAGACTAAGT-7,CD16,Mono,CD16,CD16,Mono,Mono
TACTCGCTCGCAGGCT-4,MEG,Other,CD4 Naive,CD4 Naive,T,T
ATCTACTAGAATAGGG-1,cDC,DC,cDC2,cDC2,DC,DC
GTCTCGTGTTCGTGAT-5,CD4 Tcm,T,CD4 Naive,CD4 Naive,T,T
CTCTGGTAGACTAGAT-8,CD4-CD8,T,NK3,NK3,NK,NK
CTACATTTCTGCGTAA-5,CD4+CD8,T,CD4+CD8+,NK3,T,NK
ACCTTTAAGGGCTTCC-5,T-mito,T,T-mito,T-mito,T,T
AGAGCTTGTCGATTGT-2,NK1,NK,NK1,NK1,NK,NK
CACTCCAAGCGGCTTC-2,ASC,B,ASC,ASC,B,B
GACCAATAGATGTAAC-2,RBC,Other,CD4+CD8+,CD4+CD8+,T,T
GTGAAGGGTATATGAG-2,pDC,DC,pDC,pDC,DC,DC
TGAGAGGTCTTGGGTA-1,CD14,Mono,CD14,CD14,Mono,Mono
TGACTTTAGAGCTGGT-4,NK3,NK,NK3,NK3,NK,NK
TCAGCAAGTTGTCGCG-5,CD4 Naive,T,CD4 Tcm,CD4 Tcm,T,T
CCGGTAGGTTATTCTC-4,CD4 Tem,T,CD4 Tem,CD4 Tem,T,T
GCCAAATGTCCGAACC-4,CD8 Naive,T,CD8 Tem,CD8 Tem,T,T
GCAAACTAGTACATGA-1,NK2,NK,NK2,NK2,NK,NK
CTCGAGGCATGTCGAT-2,CD8 CTL,T,CD4 Tex,CD4 Tex,T,T
TCGGGACTCAGTGTTG-3,CD8 Tem,T,CD8 Tex,CD8 Tex,T,T
CATTATCCAAATTGCC-3,Naive BC,B,Naive,Naive,B,B
CGGAGCTAGGCAATTA-7,Memory BC,B,Memory,Memory,B,B
GGGAGATCATTTCAGG-4,CD16,Mono,CD16,CD16,Mono,Mono
TGGGCGTGTTGATTGC-2,MEG,Other,CD14,CD14,Mono,Mono
GAAATGACACCCTATC-5,cDC,DC,cDC2,cDC2,DC,DC
TCTTTCCGTCATCGGC-7,CD4 Tcm,T,CD8 Tex,CD8 Tex,T,T
GTTTCTACAGCTATTG-1,CD4-CD8,T,CD8 Tem,CD8 Tem,T,T
CTGCTGTCATCTCCCA-2,CD4+CD8,T,NK2,NK2,NK,NK
CAACTAGCAACTGCGC-4,T-mito,T,T-mito,T-mito,T,T
TGGCTGGAGGTGCTTT-3,NK1,NK,NK1,NK1,NK,NK
GGTATTGAGTGTTTGC-4,ASC,B,ASC,ASC,B,B
ATTGGTGAGTGTTGAA-1,RBC,Other,CD4 Tcm,CD4 Tcm,T,T
CGCGTTTCAAGCGATG-7,pDC,DC,pDC,pDC,DC,DC
TACCTATTCACGACTA-7,CD14,Mono,CD14,CD14,Mono,Mono
TGCTACCTCCATGCTC-5,NK3,NK,NK2,NK2,NK,NK
GGGCACTTCAGTACGT-6,CD4 Naive,T,CD4 Treg,CD4 Treg,T,T
ATTTCTGCATCTATGG-1,CD4 Tem,T,CD4 Naive,CD4 Naive,T,T
CGTTAGAGTCAGAGGT-5,CD8 Naive,T,CD8 Naive,CD8 Naive,T,T
GTCACAAAGACACTAA-4,NK2,NK,NK2,NK2,NK,NK
GATTCAGGTCAGGACA-4,CD8 CTL,T,CD8 CTL,CD8 CTL,T,T
CCTCAGTAGATATGGT-7,CD8 Tem,T,CD8 Tem,CD8 Tex,T,T
ATGGGAGTCGCGGATC-6,Naive BC,B,Naive,Naive,B,B
TCTCTAAGTCTTCTCG-6,Memory BC,B,Memory,Memory,B,B
CTACATTTCGCCTGAG-7,CD16,Mono,CD16,CD16,Mono,Mono
TCGCGAGTCTACTTAC-2,MEG,Other,CD14,CD14,Mono,Mono
CGGACACAGATATGCA-4,cDC,DC,cDC2,cDC2,DC,DC
GTCATTTCACGAAACG-7,CD4 Tcm,T,CD4 Naive,CD4 Naive,T,T
TTGACTTAGGACAGCT-2,CD4-CD8,T,CD4-CD8-,CD4-CD8-,T,T
ATGTGTGCAGCTCCGA-4,CD4+CD8,T,CD4+CD8+,CD4+CD8+,T,T
GGAGCAATCGGTGTTA-4,T-mito,T,T-mito,T-mito,T,T
AGAGCTTAGCGACGTA-4,NK1,NK,NK2,NK2,NK,NK
GTGCAGCTCTGCTGCT-7,ASC,B,ASC,ASC,B,B
CATATGGCACCCATGG-1,RBC,Other,CD14,CD14,Mono,Mono
ATAACGCCATACAGCT-2,pDC,DC,pDC,pDC,DC,DC
CCTTCCCCAGCGAACA-7,CD14,Mono,CD14,CD14,Mono,Mono
GACCAATTCGGCTTGG-7,NK3,NK,NK3,NK3,NK,NK
TCAGATGGTCATACTG-4,CD4 Naive,T,CD4 Naive,CD4 Naive,T,T
CTACACCGTACGAAAT-3,CD4 Tem,T,CD4 Tem,CD4 Tem,T,T
CAGAGAGCACAGGTTT-6,CD8 Naive,T,CD8 Naive,CD8 Naive,T,T
TCATTACAGTCTCGGC-8,NK2,NK,NK2,NK2,NK,NK
CCACGGACAGGACGTA-5,CD8 CTL,T,CD8 CTL,CD8 CTL,T,T
CGCTTCAGTTTGGGCC-2,CD8 Tem,T,CD8 Tem,CD4 Naive,T,T
TCGGGACAGTCACGCC-3,Naive BC,B,Naive,Naive,B,B
GGGAATGGTAGAGTGC-8,Memory BC,B,Memory,Memory,B,B
ACGCAGCAGAACTCGG-8,CD16,Mono,CD16,CD16,Mono,Mono
ACGTCAAAGAGGTTAT-2,MEG,Other,pDC,pDC,DC,DC
GTTACAGAGGCTCAGA-7,cDC,DC,cDC2,cDC2,DC,DC
ACCGTAATCGTTGACA-5,CD4 Tcm,T,CD4 Treg,CD4 Treg,T,T
CCCAATCCAAACAACA-1,CD4-CD8,T,CD4-CD8-,CD4-CD8-,T,T
GCTTGAATCGTAGGTT-2,CD4+CD8,T,CD4+CD8+,CD4+CD8+,T,T
ACGTCAAGTTCCGTCT-8,T-mito,T,CD4 Treg,CD4 Treg,T,T
GTCTTCGGTCGGCTCA-1,NK1,NK,NK2,NK2,NK,NK
CCAGCGATCTGTCTCG-5,ASC,B,ASC,ASC,B,B
AACTCTTCATCACCCT-8,RBC,Other,Intermed,Intermed,Other,Other
CATTATCAGTACCGGA-1,pDC,DC,pDC,pDC,DC,DC
GATGAGGGTTACGACT-4,CD14,Mono,CD14,CD14,Mono,Mono
CTTACCGTCTCGTTTA-4,NK3,NK,NK3,NK3,NK,NK
CGAACATTCTTCATGT-3,CD4 Naive,T,CD4 Tcm,CD4 Tcm,T,T
GAAATGAGTTCACGGC-3,CD4 Tem,T,CD4 Naive,CD4 Naive,T,T
TTTCCTCTCAGATAAG-5,CD8 Naive,T,CD4 Naive,CD4 Naive,T,T
AACGTTGCAAGGACAC-6,NK2,NK,NK2,NK2,NK,NK
CGTGTAAGTGCGATAG-4,CD8 CTL,T,CD8 CTL,CD8 CTL,T,T
CCGGGATTCCTTTCTC-3,CD8 Tem,T,CD4+CD8+,CD4+CD8+,T,T
TCTATTGCATTACCTT-6,Naive BC,B,Naive,Naive,B,B
CGATGGCAGAAGAAGC-1,Memory BC,B,ABC,ABC,B,B
GGGTTGCTCTTCGAGA-4,CD16,Mono,CD16,CD16,Mono,Mono
GACGTTATCAACGGGA-2,MEG,Other,CD14,CD14,Mono,Mono
GGGAGATTCCACGTGG-2,cDC,DC,CD14,CD14,Mono,Mono
CCTCAGTGTTACGACT-2,CD4 Tcm,T,CD4 Tem,CD4 Tem,T,T
CTTAACTTCCTATGTT-1,CD4-CD8,T,CD4-CD8-,CD4-CD8-,T,T
AACTCTTTCATGGTCA-1,CD4+CD8,T,NK3,NK3,NK,NK
CGAGAAGTCCTACAGA-4,T-mito,T,T-mito,T-mito,T,T
GCTGCGACACTCGACG-4,NK1,NK,NK1,NK1,NK,NK
TTCCCAGTCGGCGCTA-6,ASC,B,ASC,ASC,B,B
GTGCGGTAGAAGGTTT-1,RBC,Other,NK1,Naive,NK,B
CAGCATAAGAAGGGTA-7,pDC,DC,pDC,pDC,DC,DC
GCACTCTGTTACAGAA-6,CD14,Mono,Intermed,Intermed,Other,Other
CACTCCACAGCTGTTA-5,NK3,NK,NK2,NK2,NK,NK
CTCAGAACAAGTACCT-3,CD4 Naive,T,CD4 Naive,CD4 Naive,T,T
ACCCACTAGTGCTGCC-2,CD4 Tem,T,CD4 Tem,CD4 Tem,T,T
GCGACCAGTTGTGGCC-5,CD8 Naive,T,CD4 Naive,CD4 Naive,T,T
CGTTGGGAGCTAACTC-3,NK2,NK,NK2,NK2,NK,NK
GCTTGAATCACCCTCA-1,CD8 CTL,T,NK3,NK3,NK,NK
CATCAAGAGGCATTGG-4,CD8 Tem,T,CD8 Tem,CD8 Tem,T,T
ACTGCTCCATAGGATA-4,Naive BC,B,Naive,Naive,B,B
GCCAAATCAGTTCATG-8,Memory BC,B,Memory,Memory,B,B
TTTATGCCACACAGAG-8,CD16,Mono,CD16,CD16,Mono,Mono
ACGAGCCTCTTGACGA-1,MEG,Other,NK2,NK2,NK,NK
CAGCCGAAGGGCTCTC-7,cDC,DC,cDC1,cDC1,DC,DC
AGTGAGGTCTGATACG-2,CD4 Tcm,T,CD4 Naive,CD4 Naive,T,T
CGGAGTCCAAGCGCTC-5,CD4-CD8,T,CD4-CD8-,CD4-CD8-,T,T
CAGCATACAAACGCGA-3,CD4+CD8,T,CD4+CD8+,CD4+CD8+,T,T
CACCAGGTCTTAGAGC-3,T-mito,T,CD4 Tem,CD4 Tem,T,T
CGTGTCTCAAGGGTCA-5,NK1,NK,NK2,NK2,NK,NK
TCGCGTTAGTTAGGTA-4,ASC,B,ASC,ASC,B,B
TAAGAGACAGGTCTCG-4,RBC,Other,T-mito,T-mito,T,T
AACTGGTCATGCTGGC-1,pDC,DC,pDC,pDC,DC,DC
CCGGTAGCACGCCAGT-7,CD14,Mono,CD14,CD14,Mono,Mono
GTTCATTAGGTTACCT-8,NK3,NK,NK2,NK2,NK,NK
GTCATTTCACGAAACG-8,CD4 Naive,T,CD4 Naive,CD4 Naive,T,T
GTGAAGGAGCAACGGT-3,CD4 Tem,T,CD4 Naive,CD4 Naive,T,T
GCGGGTTCACGGTAAG-1,CD8 Naive,T,CD4 Tem,CD4 Tem,T,T
TTCTCAAAGTGTCCCG-5,NK2,NK,NK2,NK2,NK,NK
GAGTCCGCAATCAGAA-1,CD8 CTL,T,CD8 CTL,CD8 CTL,T,T
CCTCAGTCATCGGGTC-3,CD8 Tem,T,CD8 Tex,CD8 Tex,T,T
GGGTTGCTCCTGTAGA-2,Naive BC,B,Naive,Naive,B,B
CCTTTCTAGTCTCAAC-6,Memory BC,B,Memory,Memory,B,B
CATCGAATCAACGGGA-4,CD16,Mono,CD16,CD16,Mono,Mono
TGCTACCCAGGATTGG-3,MEG,Other,NK3,NK3,NK,NK
GAACATCGTCCATGAT-2,cDC,DC,CD14,CD14,Mono,Mono
GGGATGACAGGCGATA-7,CD4 Tcm,T,CD4 Naive,CD4 Tcm,T,T
GGACAGAGTCAGTGGA-6,CD4-CD8,T,CD8 Tex,CD8 Tex,T,T
CGAACATAGCCAGTAG-4,CD4+CD8,T,CD4+CD8+,CD4+CD8+,T,T
CGATGTAAGCCCTAAT-5,T-mito,T,T-mito,T-mito,T,T
CTCTGGTAGAGTCGGT-4,NK1,NK,NK1,NK1,NK,NK
ACTGATGTCCCTCAGT-7,ASC,B,ASC,ASC,B,B
AGATTGCAGGATATAC-1,RBC,Other,CD14,CD14,Mono,Mono
TAGGCATGTTGATTGC-1,pDC,DC,pDC,pDC,DC,DC
GCGACCATCAGCGACC-5,CD14,Mono,Intermed,Intermed,Other,Other
GACGTGCGTGGACGAT-5,NK3,NK,NK2,NK2,NK,NK
GTATTCTCAAGTCTGT-2,CD4 Naive,T,CD4 Naive,CD4 Naive,T,T
GGAGCAACACGCGAAA-3,CD4 Tem,T,CD4 Treg,CD4 Treg,T,T
TTGGAACGTTAAGTAG-5,CD8 Naive,T,CD8 Naive,CD8 Naive,T,T
AATCGGTGTCTCCATC-1,NK2,NK,NK2,NK2,NK,NK
CACACTCGTCTCGTTC-2,CD8 CTL,T,CD8 CTL,CD8 CTL,T,T
ATCGAGTCAGATGAGC-2,CD8 Tem,T,CD8 Tem,CD8 Tem,T,T
CGAGCCAAGTGCCAGA-6,Naive BC,B,Naive,Naive,B,B
GCTGCAGAGGCAAAGA-3,Memory BC,B,Memory,Memory,B,B
CCACCTAAGCTACCTA-4,CD16,Mono,CD16,CD16,Mono,Mono
GATCGATGTCTGCAAT-4,MEG,Other,CD8 Tem,CD8 Tem,T,T
TTTATGCAGATGCCAG-8,cDC,DC,cDC1,cDC1,DC,DC
GATCGCGAGTGCCAGA-5,CD4 Tcm,T,CD4 Tem,CD4 Tem,T,T
AAGTCTGAGGTGTTAA-1,CD4-CD8,T,CD4-CD8-,CD4-CD8-,T,T
GCTTCCAGTCTGCAAT-1,CD4+CD8,T,CD4+CD8+,CD4+CD8+,T,T
GTTTCTACAGCTATTG-6,T-mito,T,T-mito,T-mito,T,T
CATCGAAAGTTCGATC-3,NK1,NK,NK1,NK1,NK,NK
GCATGTATCGTCGTTC-6,ASC,B,ASC,ASC,B,B
GCTGCAGCATGAAGTA-1,RBC,Other,CD4 Tcm,CD4 Tcm,T,T
CACTCCAAGCCCAATT-7,pDC,DC,pDC,pDC,DC,DC
CATCAGACATTGGGCC-6,CD14,Mono,CD14,CD14,Mono,Mono
TATTACCTCAAAGACA-5,NK3,NK,NK2,NK2,NK,NK
AACACGTTCTTTAGGG-5,CD4 Naive,T,CD4 Tcm,CD4 Tcm,T,T
CTCGTCACATCACGAT-2,CD4 Tem,T,CD4 Tem,CD4 Tem,T,T
CAGATCAAGTGTCCAT-2,CD8 Naive,T,CD4 Naive,CD4 Naive,T,T
CGAACATTCTTGTATC-8,NK2,NK,NK2,NK2,NK,NK
GCTGGGTGTTAGATGA-7,CD8 CTL,T,CD8 CTL,CD8 CTL,T,T
CACAGGCGTTTGTTTC-5,CD8 Tem,T,CD8 Tex,CD8 Tex,T,T
CATATGGCAGACGTAG-2,Naive BC,B,Memory,Memory,B,B
TCAATCTCAAGACGTG-6,Memory BC,B,ABC,ABC,B,B
CAGCCGAAGAGAGCTC-8,CD16,Mono,CD16,CD16,Mono,Mono
CACCAGGTCCCTTGTG-7,MEG,Other,CD16,CD16,Mono,Mono
ACGGCCAAGCTGGAAC-7,cDC,DC,CD14,CD14,Mono,Mono
TGGCGCAGTGTTTGTG-5,CD4 Tcm,T,CD4 Naive,CD4 Naive,T,T
CTCACACAGACTAGAT-6,CD4-CD8,T,CD4-CD8-,CD4-CD8-,T,T
TTGCCGTTCGTGGTCG-1,CD4+CD8,T,CD8 Tem,CD8 Tem,T,T
AGGGAGTCAAGCGTAG-2,T-mito,T,CD4 Tem,CD4 Tem,T,T
CGTCACTCAATAGAGT-3,NK1,NK,NK1,NK1,NK,NK
GGATGTTAGCGTGAAC-5,ASC,B,CD14,CD14,Mono,Mono
GTCATTTGTGGGTCAA-1,RBC,Other,CD14,CD14,Mono,Mono
ACTTACTAGAATTGTG-4,pDC,DC,pDC,pDC,DC,DC
GTTACAGAGGTAAACT-6,CD14,Mono,Intermed,Intermed,Other,Other
TTAGGCAGTGTCAATC-2,NK3,NK,NK3,NK3,NK,NK
ACATACGTCTTGCCGT-2,CD4 Naive,T,CD4 Naive,CD4 Naive,T,T
GACAGAGGTAAGGGAA-4,CD4 Tem,T,CD4 Tem,CD4 Tem,T,T
CCATGTCCATCTGGTA-5,CD8 Naive,T,CD8 Naive,CD8 Naive,T,T
TCACGAATCCCAGGTG-4,NK2,NK,NK2,NK2,NK,NK
CAGCAGCTCAACGGGA-5,CD8 CTL,T,CD8 CTL,CD8 CTL,T,T
ATGCGATTCTCTGTCG-2,CD8 Tem,T,CD8 Tem,CD8 Tem,T,T
TCTTTCCGTAAACGCG-3,Naive BC,B,Naive,Naive,B,B
GCCAAATCAGACACTT-4,Memory BC,B,Memory,Memory,B,B
AAAGATGTCGTTACGA-1,CD16,Mono,CD16,CD16,Mono,Mono
ATTGGTGAGAGGTACC-3,MEG,Other,cDC1,cDC1,DC,DC
ATCTACTTCACTTATC-1,cDC,DC,cDC2,cDC2,DC,DC
TCTCTAAGTAATCACC-4,CD4 Tcm,T,CD4+CD8+,CD4+CD8+,T,T
AAACGGGTCCGAATGT-1,CD4-CD8,T,CD4-CD8-,CD4-CD8-,T,T
TTTATGCTCACCACCT-2,CD4+CD8,T,CD4+CD8+,CD4+CD8+,T,T
GCGCAACCACGGCTAC-1,T-mito,T,T-mito,T-mito,T,T
TACAGTGTCGGAGGTA-7,NK1,NK,NK2,NK2,NK,NK
ATCCGAACACGTAAGG-5,ASC,B,ASC,ASC,B,B
CTAGAGTGTTCGTCTC-1,RBC,Other,ABC,ABC,B,B
TGGACGCTCGCACTCT-2,pDC,DC,pDC,pDC,DC,DC
TAGTTGGGTCCGAAGA-7,CD14,Mono,CD14,CD14,Mono,Mono
GAGTCCGTCTGAGTGT-3,NK3,NK,NK3,NK3,NK,NK
AGGGAGTGTCAAAGAT-2,CD4 Naive,T,CD4 Naive,CD4 Naive,T,T
TGCGCAGCACGCGAAA-8,CD4 Tem,T,CD4 Tem,CD4 Tem,T,T
GAATGAACAATAGAGT-1,CD8 Naive,T,CD4 Naive,CD4 Naive,T,T
CACAAACTCCAAATGC-6,NK2,NK,NK2,NK2,NK,NK
CTCTGGTTCCTTGACC-1,CD8 CTL,T,CD4 Tex,CD4 Tex,T,T
CCATTCGAGGCCGAAT-2,CD8 Tem,T,NK2,NK2,NK,NK
TTCTCAAGTAGTACCT-3,Naive BC,B,Naive,Naive,B,B
ACACCCTTCGAATGCT-6,Memory BC,B,Memory,Memory,B,B
GATCGATAGGAGTTTA-7,CD16,Mono,CD16,CD16,Mono,Mono
TACTTGTTCTGATTCT-8,MEG,Other,NK2,NK3,NK,NK
CGGAGTCAGCTGTTCA-7,cDC,DC,cDC2,cDC2,DC,DC
CAGCTAATCTGGTATG-1,CD4 Tcm,T,CD4 Tem,CD4 Tem,T,T
CGAACATGTAGAAAGG-4,CD4-CD8,T,CD4-CD8-,CD4-CD8-,T,T
GGACATTAGTTACGGG-8,CD4+CD8,T,CD4+CD8+,NK3,T,NK
AGCTTGAAGGTGGGTT-8,T-mito,T,T-mito,T-mito,T,T
ACTTACTAGGTGCAAC-1,NK1,NK,NK2,NK2,NK,NK
GTGTGCGGTGTAATGA-5,ASC,B,ASC,ASC,B,B
ATTATCCGTGCACTTA-1,RBC,Other,CD14,CD14,Mono,Mono
CGCGTTTTCTTAGCCC-7,pDC,DC,pDC,pDC,DC,DC
CTGGTCTGTCCCTTGT-7,CD14,Mono,CD14,CD14,Mono,Mono
TAAGTGCGTCCGAAGA-3,NK3,NK,NK3,NK3,NK,NK
CCACTACAGTGCGATG-2,CD4 Naive,T,CD4 Naive,CD4 Naive,T,T
ACGTCAACAGGATCGA-3,CD4 Tem,T,CD4 Tem,CD4 Tem,T,T
GTGCATAGTCTCACCT-5,CD8 Naive,T,CD8 Naive,CD8 Naive,T,T
ACTTGTTTCCTGCAGG-6,NK2,NK,NK2,NK2,NK,NK
GCACATACACCCTATC-2,CD8 CTL,T,CD8 CTL,CD4 Tex,T,T
GACGTTATCTGCAGTA-1,CD8 Tem,T,CD8 Tex,CD8 Tex,T,T
GGCGTGTAGAATAGGG-8,Naive BC,B,Naive,Naive,B,B
GGCGACTGTGACGCCT-1,Memory BC,B,ABC,ABC,B,B
CGTTCTGAGGCAATTA-8,CD16,Mono,CD16,CD16,Mono,Mono
AGAATAGTCTCTGTCG-1,MEG,Other,CD4 Tem,CD4 Tem,T,T
CGGACGTGTATCGCAT-4,cDC,DC,cDC2,cDC2,DC,DC
CCACCTAGTAGGGTAC-5,CD4 Tcm,T,CD4 Naive,CD4 Naive,T,T
TAGCCGGCAGCGTAAG-8,CD4-CD8,T,CD4-CD8-,CD4-CD8-,T,T
TTTGCGCCAATTCCTT-5,CD4+CD8,T,CD4+CD8+,CD4+CD8+,T,T
CTTAACTAGTACGATA-6,T-mito,T,T-mito,T-mito,T,T
GGGACCTTCTGTACGA-2,NK1,NK,NK2,NK2,NK,NK
GTCTTCGAGTGTACTC-7,ASC,B,ASC,ASC,B,B
CTACATTTCTAACCGA-1,RBC,Other,CD4 Tcm,CD4 Tcm,T,T
CGTGTCTTCGTCGTTC-7,pDC,DC,pDC,pDC,DC,DC
CACACAACACGGCGTT-6,CD14,Mono,CD14,CD14,Mono,Mono
TGCCAAAGTAGTGAAT-4,NK3,NK,NK3,NK3,NK,NK
GGAAAGCAGTACGTAA-6,CD4 Naive,T,CD4 Naive,CD4 Naive,T,T
CGAGCACCAGCGTAAG-4,CD4 Tem,T,CD4 Treg,CD4 Treg,T,T
CAACCAATCCTCGCAT-5,CD8 Naive,T,CD8 Naive,CD8 Naive,T,T
GGCGACTAGGCCCTTG-4,NK2,NK,NK2,NK2,NK,NK
ACTATCTAGAAGGTGA-7,CD8 CTL,T,CD8 CTL,CD8 CTL,T,T
ACGGAGATCAGCCTAA-4,CD8 Tem,T,T-mito,T-mito,T,T
CTGCTGTAGACTTGAA-6,Naive BC,B,Naive,Naive,B,B
AACGTTGGTAGAGCTG-1,Memory BC,B,Naive,Naive,B,B
TTCTACACATACTCTT-7,CD16,Mono,CD16,CD16,Mono,Mono
TGAAAGAAGACGACGT-1,MEG,Other,CD4 Naive,CD4 Naive,T,T
TTTGGTTTCAAGAAGT-8,cDC,DC,cDC2,CD14,DC,Mono
CTGATAGAGGCAGTCA-6,CD4 Tcm,T,CD4 Tem,CD4 Tem,T,T
CACACAAAGCGATATA-5,CD4-CD8,T,NK2,NK2,NK,NK
GCAATCAGTCCATCCT-2,CD4+CD8,T,CD4+CD8+,CD4+CD8+,T,T
ACGATGTAGTGTGAAT-6,T-mito,T,T-mito,T-mito,T,T
AGCGTCGCACGAAAGC-4,NK1,NK,NK2,NK2,NK,NK
ACTGAACAGCTCAACT-2,ASC,B,ASC,ASC,B,B
CGCTGGACAGTACACT-2,RBC,Other,CD4 Tcm,CD4 Tcm,T,T
TGAGCCGAGACGCAAC-4,pDC,DC,pDC,pDC,DC,DC
CTGCCTATCGACAGCC-7,CD14,Mono,Intermed,Intermed,Other,Other
GACTGCGAGCTCAACT-4,NK3,NK,NK3,NK3,NK,NK
TATTACCAGGGAGTAA-6,CD4 Naive,T,CD4 Naive,CD4 Naive,T,T
ATGCGATGTGTTTGGT-1,CD4 Tem,T,CD4 Naive,CD4 Naive,T,T
CGGAGTCGTTATCGGT-5,CD8 Naive,T,CD4 Naive,CD4 Naive,T,T
CTACATTCAAAGCGGT-4,NK2,NK,NK2,NK2,NK,NK
CGTCAGGAGGCGATAC-1,CD8 CTL,T,CD4 Tex,CD4 Tex,T,T
TTCTCCTGTAAACACA-8,CD8 Tem,T,CD8 Tex,CD8 Tex,T,T
CGATGTACACTCTGTC-2,Naive BC,B,Naive,Naive,B,B
CATCGAAAGATATACG-2,Memory BC,B,Memory,Memory,B,B
GCGCAACCACGTCTCT-8,CD16,Mono,CD16,CD16,Mono,Mono
CTAGCCTAGCTCTCGG-4,MEG,Other,CD14,CD14,Mono,Mono
ACAGCTACAAGGACTG-2,cDC,DC,cDC2,cDC2,DC,DC
GAACCTAAGTCGCCGT-5,CD4 Tcm,T,CD4 Tem,CD4 Tem,T,T
CAACCAATCTCCTATA-1,CD4-CD8,T,CD4-CD8-,CD4-CD8-,T,T
TCTTCGGTCTAGCACA-2,CD4+CD8,T,CD4+CD8+,CD4+CD8+,T,T
AACTCAGGTTGGACCC-5,T-mito,T,T-mito,T-mito,T,T
GTACTTTGTATTAGCC-4,NK1,NK,NK2,NK2,NK,NK
AAGGAGCAGGCTCAGA-5,ASC,B,ASC,ASC,B,B
TGCACCTCAACTGCTA-8,RBC,Other,CD14,CD14,Mono,Mono
AACTCCCAGGTGATTA-1,pDC,DC,pDC,pDC,DC,DC
GTCTTCGGTTAGAACA-7,CD14,Mono,CD14,CD14,Mono,Mono
GAGGTGAGTTCATGGT-1,NK3,NK,NK2,NK2,NK,NK
CTCGGAGTCTAGCACA-3,CD4 Naive,T,CD4 Tem,CD4 Tem,T,T
GGTATTGTCTTCTGGC-3,CD4 Tem,T,CD4 Tem,CD4 Tem,T,T
TAGCCGGCAAGCTGGA-4,CD8 Naive,T,CD4 Tem,CD4 Tem,T,T
